claim_id	subject_kind	subject_id	subject_label	claim_type	requested_state	adr_class	supplier_or_reference_boundary	project_owned_changed_boundary	risk_modifiers	existing_evidence	remaining_gap	minimum_closure_action	explicitly_excluded_evidence	escalation_trigger	classification_state	authority_effect	prohibited_inference
PCC-ALSA-LIB-ARTIFACT	ROOT	generic-root-review:89ca3d57915910fa5a81	gpkg/alsa-lib	ARTIFACT_IDENTITY	EXACT_REFERENCE_ARTIFACT_AND_NAMED_MEMBER_CANDIDATE_IDENTITY	A	AUTHORITATIVE_TERMUX_GLIBC_PACKAGE_REPOSITORY_ARTIFACT	ACQUIRE_RETAIN_HASH_AND_BIND_NAMED_MEMBERS_WITHOUT_RECONSTRUCTING_SUPPLIER_BUILD_HISTORY	CONFIGURATION_OR_PACKAGING_DELTA;DEVICE_IO	generic-root-review:89ca3d57915910fa5a81;generic-artifact:5e9c487411c76170da4f;generic-object-review:562c6344503ccb5d7666;generic-artifact-member-comparison-artifacts.tsv;generic-recipe-binding-and-drift-target-receipt-review.tsv	NONE_FOR_EXACT_CANDIDATE_ARTIFACT_AND_NAMED_MEMBER_IDENTITY	NONE_RETAIN_EXACT_ARTIFACT_AND_MEMBER_DIGESTS_AT_TRANSFER	CUSTODIAN_BUILD_INVOCATION;FULL_BUILD_ENVIRONMENT;INDEPENDENT_REPRODUCTION	ARTIFACT_DIGEST_MISMATCH;MEMBER_OR_SONAME_MISMATCH;SUPPLIER_OPACITY_AFFECTING_THE_EXACT_IDENTITY_CLAIM	EVIDENCE_SUFFICIENT_FOR_CANDIDATE_IDENTITY_ONLY	CANDIDATE_IDENTITY_ONLY_NO_PROVIDER_OR_TARGET_EFFECT	EXACT_ARTIFACT_IDENTITY_DOES_NOT_IMPLY_ADAPTATION_ACCEPTANCE_PROVIDER_AUTHORITY_OR_TARGET_MEMBERSHIP
PCC-ALSA-LIB-ADAPTATION	ROOT	generic-root-review:89ca3d57915910fa5a81	gpkg/alsa-lib	ADAPTATION_SEMANTICS	REFERENCE_RECIPE_EQUIVALENCE_OR_BOUNDED_TERMUX_ANDROID_ADAPTATION	B	PINNED_TERMUX_GLIBC_RECIPE_TREE_AND_PINNED_UPSTREAM_SOURCE	EXACT_RECIPE_PATCH_HOOK_CONFIGURATION_AND_PACKAGING_DELTAS_RELIED_ON_BY_THE_PROJECT	CONFIGURATION_OR_PACKAGING_DELTA;DEVICE_IO	generic-root-review:89ca3d57915910fa5a81;recipe_tree=56309a1362140190ab6b3cadd4725447d8a9eb59;tokens=BUILD_IN_SRC;EXTRA_CONFIGURE_ARGS;TERMUX_PREFIX_REFERENCE;generic-recipe-binding-and-drift-target-receipt-review.tsv;generic-build-attestation-adaptation-root-evidence-receipt-review.tsv	AD-001_AD-002_AD-003_AD-004_SEMANTIC_DELTA_NECESSITY_AND_OBJECT_IMPACT_REVIEW	AGENT_SEMANTIC_DELTA_REVIEW_WITH_OBJECT_IMPACT_AND_PLATFORM_NECESSITY_CLASSIFICATION	SUP-02_CUSTODIAN_EXPORT_UNLESS_RECLASSIFICATION_OR_ESCALATION_TRIGGER_REQUIRES_CLASS_C_DEPTH	SEMANTIC_REVIEW_CANNOT_BOUND_GENERATED_OUTPUT;OBSERVED_ARTIFACT_BEHAVIOR_CONFLICTS_WITH_RECIPE;CLAIM_RECLASSIFIED_AS_INDEPENDENT_REPRODUCTION;HIGH_RISK_OUTPUT_REMAINS_OPAQUE	CLASSIFIED_OPEN_REVIEW_REQUIRED	REVIEW_PLAN_ONLY_NO_ADAPTATION_OR_PROVIDER_ACCEPTANCE	RECIPE_TOKEN_PRESENCE_OR_ABSENCE_DOES_NOT_BY_ITSELF_ESTABLISH_PLATFORM_NECESSITY_OR_EQUIVALENCE
PCC-ALSA-LIB-PROVIDER	ROOT	generic-root-review:89ca3d57915910fa5a81	gpkg/alsa-lib	PROVIDER_AUTHORITY	PACKAGE_MEMBERS_AUTHORIZED_AS_RUNTIME_PROVIDER_FOR_THEIR_CAPABILITY_SCOPE	B	AUTHORITATIVE_PACKAGE_MEMBERS_FOR_CAPABILITY_PARTITIONS=audio	PROJECT_SELECTION_AND_INTEGRATION_OF_REFERENCE_MEMBERS_IN_A_CUSTOM_MIXED_WORLD_APPLICATION_RUNTIME	CONFIGURATION_OR_PACKAGING_DELTA;DEVICE_IO	generic-root-review:89ca3d57915910fa5a81;generic-artifact:5e9c487411c76170da4f;generic-object-review:562c6344503ccb5d7666;generic-artifact-member-comparison-artifacts.tsv;generic-recipe-binding-and-drift-target-receipt-review.tsv;authority-coverage-ledger.tsv;generic-source-authority-boundary.tsv;selected-object-authority-base.tsv	ADAPTATION_CLASSIFICATION;CAPABILITY_NECESSITY_AND_CONSUMER_BINDING;CONFLICT_AND_EXCLUSION_REVIEW;UPDATE_AND_ROLLBACK_BOUNDARY	CAPABILITY_LEVEL_PROVIDER_REVIEW_AFTER_ADAPTATION_CLASSIFICATION_WITH_TARGETED_PASSIVE_CONSUMER_BINDING_ONLY_WHERE_AMBIGUOUS	SUPPLIER_BUILD_PROVENANCE_AS_A_SUBSTITUTE_FOR_PROVIDER_SELECTION_OR_RUNTIME_BINDING	AMBIGUOUS_CONSUMER_BINDING;ABI_OR_SECURITY_CONFLICT;MULTIPLE_NON_EQUIVALENT_PROVIDER_CANDIDATES;NO_OBSERVABLE_FALLBACK;ARTIFACT_MEMBER_RECIPE_OR_CONSUMER_BINDING_CHANGE	CLASSIFIED_OPEN_PROVIDER_AUTHORITY_NOT_ACCEPTED	NO_PROVIDER_COMPOSITION_TARGET_OR_ACTIVATION_EFFECT	PACKAGE_MEMBER_AND_RECIPE_EVIDENCE_DO_NOT_IMPLY_PROVIDER_AUTHORITY_OR_COMPLETE_RUNTIME_COMPOSITION
PCC-DBUS-ARTIFACT	ROOT	generic-root-review:4cbb42bdf636a480b0f6	gpkg/dbus	ARTIFACT_IDENTITY	EXACT_REFERENCE_ARTIFACT_AND_NAMED_MEMBER_CANDIDATE_IDENTITY	A	AUTHORITATIVE_TERMUX_GLIBC_PACKAGE_REPOSITORY_ARTIFACT	ACQUIRE_RETAIN_HASH_AND_BIND_NAMED_MEMBERS_WITHOUT_RECONSTRUCTING_SUPPLIER_BUILD_HISTORY	CONCRETE_FILENAME_DRIFT;MATERIAL_RECIPE_DELTA;SERVICE_TLS_OR_NETWORK_INTEGRATION	generic-root-review:4cbb42bdf636a480b0f6;generic-artifact:a1ee6a6519c54ebfcd61;generic-object-review:de033a9cfea119d21aa3;generic-artifact-member-comparison-artifacts.tsv;generic-recipe-binding-and-drift-target-receipt-review.tsv	NONE_FOR_EXACT_CANDIDATE_ARTIFACT_AND_NAMED_MEMBER_IDENTITY	NONE_RETAIN_EXACT_ARTIFACT_AND_MEMBER_DIGESTS_AT_TRANSFER	CUSTODIAN_BUILD_INVOCATION;FULL_BUILD_ENVIRONMENT;INDEPENDENT_REPRODUCTION	ARTIFACT_DIGEST_MISMATCH;MEMBER_OR_SONAME_MISMATCH;SUPPLIER_OPACITY_AFFECTING_THE_EXACT_IDENTITY_CLAIM	EVIDENCE_SUFFICIENT_FOR_CANDIDATE_IDENTITY_ONLY	CANDIDATE_IDENTITY_ONLY_NO_PROVIDER_OR_TARGET_EFFECT	EXACT_ARTIFACT_IDENTITY_DOES_NOT_IMPLY_ADAPTATION_ACCEPTANCE_PROVIDER_AUTHORITY_OR_TARGET_MEMBERSHIP
PCC-DBUS-ADAPTATION	ROOT	generic-root-review:4cbb42bdf636a480b0f6	gpkg/dbus	ADAPTATION_SEMANTICS	REFERENCE_RECIPE_EQUIVALENCE_OR_BOUNDED_TERMUX_ANDROID_ADAPTATION	B	PINNED_TERMUX_GLIBC_RECIPE_TREE_AND_PINNED_UPSTREAM_SOURCE	EXACT_RECIPE_PATCH_HOOK_CONFIGURATION_AND_PACKAGING_DELTAS_RELIED_ON_BY_THE_PROJECT	CONCRETE_FILENAME_DRIFT;MATERIAL_RECIPE_DELTA;SERVICE_TLS_OR_NETWORK_INTEGRATION	generic-root-review:4cbb42bdf636a480b0f6;recipe_tree=d7c789ccea51cdb6d13196fd106f32daf6c75822;tokens=BUILD_IN_SRC;CUSTOM_TERMUX_STEP;EXTRA_CONFIGURE_ARGS;PACKAGE_REVISION;PATCH_FILE;TERMUX_PREFIX_REFERENCE;generic-recipe-binding-and-drift-target-receipt-review.tsv;generic-build-attestation-adaptation-root-evidence-receipt-review.tsv	AD-001_AD-002_AD-003_AD-004_SEMANTIC_DELTA_NECESSITY_AND_OBJECT_IMPACT_REVIEW;CF-001_CF-002_CF-003_CF-004_ALIAS_SUCCESSOR_AND_ROLLBACK_POLICY	AGENT_SEMANTIC_DELTA_REVIEW_WITH_OBJECT_IMPACT_AND_PLATFORM_NECESSITY_CLASSIFICATION;REVIEW_CONSUMER_ALIAS_BINDING_AND_VERSION_DRIFT_POLICY	SUP-02_CUSTODIAN_EXPORT_UNLESS_RECLASSIFICATION_OR_ESCALATION_TRIGGER_REQUIRES_CLASS_C_DEPTH	SEMANTIC_REVIEW_CANNOT_BOUND_GENERATED_OUTPUT;OBSERVED_ARTIFACT_BEHAVIOR_CONFLICTS_WITH_RECIPE;CLAIM_RECLASSIFIED_AS_INDEPENDENT_REPRODUCTION;HIGH_RISK_OUTPUT_REMAINS_OPAQUE	CLASSIFIED_OPEN_REVIEW_REQUIRED	REVIEW_PLAN_ONLY_NO_ADAPTATION_OR_PROVIDER_ACCEPTANCE	RECIPE_TOKEN_PRESENCE_OR_ABSENCE_DOES_NOT_BY_ITSELF_ESTABLISH_PLATFORM_NECESSITY_OR_EQUIVALENCE
PCC-DBUS-PROVIDER	ROOT	generic-root-review:4cbb42bdf636a480b0f6	gpkg/dbus	PROVIDER_AUTHORITY	PACKAGE_MEMBERS_AUTHORIZED_AS_RUNTIME_PROVIDER_FOR_THEIR_CAPABILITY_SCOPE	B	AUTHORITATIVE_PACKAGE_MEMBERS_FOR_CAPABILITY_PARTITIONS=printing	PROJECT_SELECTION_AND_INTEGRATION_OF_REFERENCE_MEMBERS_IN_A_CUSTOM_MIXED_WORLD_APPLICATION_RUNTIME	CONCRETE_FILENAME_DRIFT;MATERIAL_RECIPE_DELTA;SERVICE_TLS_OR_NETWORK_INTEGRATION	generic-root-review:4cbb42bdf636a480b0f6;generic-artifact:a1ee6a6519c54ebfcd61;generic-object-review:de033a9cfea119d21aa3;generic-artifact-member-comparison-artifacts.tsv;generic-recipe-binding-and-drift-target-receipt-review.tsv;authority-coverage-ledger.tsv;generic-source-authority-boundary.tsv;selected-object-authority-base.tsv	ADAPTATION_CLASSIFICATION;CAPABILITY_NECESSITY_AND_CONSUMER_BINDING;CONFLICT_AND_EXCLUSION_REVIEW;UPDATE_AND_ROLLBACK_BOUNDARY	CAPABILITY_LEVEL_PROVIDER_REVIEW_AFTER_ADAPTATION_CLASSIFICATION_WITH_TARGETED_PASSIVE_CONSUMER_BINDING_ONLY_WHERE_AMBIGUOUS	SUPPLIER_BUILD_PROVENANCE_AS_A_SUBSTITUTE_FOR_PROVIDER_SELECTION_OR_RUNTIME_BINDING	AMBIGUOUS_CONSUMER_BINDING;ABI_OR_SECURITY_CONFLICT;MULTIPLE_NON_EQUIVALENT_PROVIDER_CANDIDATES;NO_OBSERVABLE_FALLBACK;ARTIFACT_MEMBER_RECIPE_OR_CONSUMER_BINDING_CHANGE	CLASSIFIED_OPEN_PROVIDER_AUTHORITY_NOT_ACCEPTED	NO_PROVIDER_COMPOSITION_TARGET_OR_ACTIVATION_EFFECT	PACKAGE_MEMBER_AND_RECIPE_EVIDENCE_DO_NOT_IMPLY_PROVIDER_AUTHORITY_OR_COMPLETE_RUNTIME_COMPOSITION
PCC-FONTCONFIG-ARTIFACT	ROOT	generic-root-review:26c46ad7612eb40ca721	gpkg/fontconfig	ARTIFACT_IDENTITY	EXACT_REFERENCE_ARTIFACT_AND_NAMED_MEMBER_CANDIDATE_IDENTITY	A	AUTHORITATIVE_TERMUX_GLIBC_PACKAGE_REPOSITORY_ARTIFACT	ACQUIRE_RETAIN_HASH_AND_BIND_NAMED_MEMBERS_WITHOUT_RECONSTRUCTING_SUPPLIER_BUILD_HISTORY	CONCRETE_FILENAME_DRIFT;GUI_MULTI_CONSUMER;MATERIAL_RECIPE_DELTA	generic-root-review:26c46ad7612eb40ca721;generic-artifact:c6bc4c9801ee7a45b506;generic-object-review:51683b408de57af1b5c9;generic-artifact-member-comparison-artifacts.tsv;generic-recipe-binding-and-drift-target-receipt-review.tsv	NONE_FOR_EXACT_CANDIDATE_ARTIFACT_AND_NAMED_MEMBER_IDENTITY	NONE_RETAIN_EXACT_ARTIFACT_AND_MEMBER_DIGESTS_AT_TRANSFER	CUSTODIAN_BUILD_INVOCATION;FULL_BUILD_ENVIRONMENT;INDEPENDENT_REPRODUCTION	ARTIFACT_DIGEST_MISMATCH;MEMBER_OR_SONAME_MISMATCH;SUPPLIER_OPACITY_AFFECTING_THE_EXACT_IDENTITY_CLAIM	EVIDENCE_SUFFICIENT_FOR_CANDIDATE_IDENTITY_ONLY	CANDIDATE_IDENTITY_ONLY_NO_PROVIDER_OR_TARGET_EFFECT	EXACT_ARTIFACT_IDENTITY_DOES_NOT_IMPLY_ADAPTATION_ACCEPTANCE_PROVIDER_AUTHORITY_OR_TARGET_MEMBERSHIP
PCC-FONTCONFIG-ADAPTATION	ROOT	generic-root-review:26c46ad7612eb40ca721	gpkg/fontconfig	ADAPTATION_SEMANTICS	REFERENCE_RECIPE_EQUIVALENCE_OR_BOUNDED_TERMUX_ANDROID_ADAPTATION	B	PINNED_TERMUX_GLIBC_RECIPE_TREE_AND_PINNED_UPSTREAM_SOURCE	EXACT_RECIPE_PATCH_HOOK_CONFIGURATION_AND_PACKAGING_DELTAS_RELIED_ON_BY_THE_PROJECT	CONCRETE_FILENAME_DRIFT;GUI_MULTI_CONSUMER;MATERIAL_RECIPE_DELTA	generic-root-review:26c46ad7612eb40ca721;recipe_tree=c5c62dc15d6a897251c88cb7c2306b2a12dd16ba;tokens=CUSTOM_TERMUX_STEP;EXTRA_CONFIGURE_ARGS;PACKAGE_REVISION;PATCH_FILE;SUBPACKAGE_SCRIPT;TERMUX_PREFIX_REFERENCE;generic-recipe-binding-and-drift-target-receipt-review.tsv;generic-build-attestation-adaptation-root-evidence-receipt-review.tsv	AD-001_AD-002_AD-003_AD-004_SEMANTIC_DELTA_NECESSITY_AND_OBJECT_IMPACT_REVIEW;CF-001_CF-002_CF-003_CF-004_ALIAS_SUCCESSOR_AND_ROLLBACK_POLICY	AGENT_SEMANTIC_DELTA_REVIEW_WITH_OBJECT_IMPACT_AND_PLATFORM_NECESSITY_CLASSIFICATION;REVIEW_CONSUMER_ALIAS_BINDING_AND_VERSION_DRIFT_POLICY	SUP-02_CUSTODIAN_EXPORT_UNLESS_RECLASSIFICATION_OR_ESCALATION_TRIGGER_REQUIRES_CLASS_C_DEPTH	SEMANTIC_REVIEW_CANNOT_BOUND_GENERATED_OUTPUT;OBSERVED_ARTIFACT_BEHAVIOR_CONFLICTS_WITH_RECIPE;CLAIM_RECLASSIFIED_AS_INDEPENDENT_REPRODUCTION;HIGH_RISK_OUTPUT_REMAINS_OPAQUE	CLASSIFIED_OPEN_REVIEW_REQUIRED	REVIEW_PLAN_ONLY_NO_ADAPTATION_OR_PROVIDER_ACCEPTANCE	RECIPE_TOKEN_PRESENCE_OR_ABSENCE_DOES_NOT_BY_ITSELF_ESTABLISH_PLATFORM_NECESSITY_OR_EQUIVALENCE
PCC-FONTCONFIG-PROVIDER	ROOT	generic-root-review:26c46ad7612eb40ca721	gpkg/fontconfig	PROVIDER_AUTHORITY	PACKAGE_MEMBERS_AUTHORIZED_AS_RUNTIME_PROVIDER_FOR_THEIR_CAPABILITY_SCOPE	B	AUTHORITATIVE_PACKAGE_MEMBERS_FOR_CAPABILITY_PARTITIONS=gtk-gui	PROJECT_SELECTION_AND_INTEGRATION_OF_REFERENCE_MEMBERS_IN_A_CUSTOM_MIXED_WORLD_APPLICATION_RUNTIME	CONCRETE_FILENAME_DRIFT;GUI_MULTI_CONSUMER;MATERIAL_RECIPE_DELTA	generic-root-review:26c46ad7612eb40ca721;generic-artifact:c6bc4c9801ee7a45b506;generic-object-review:51683b408de57af1b5c9;generic-artifact-member-comparison-artifacts.tsv;generic-recipe-binding-and-drift-target-receipt-review.tsv;authority-coverage-ledger.tsv;generic-source-authority-boundary.tsv;selected-object-authority-base.tsv	ADAPTATION_CLASSIFICATION;CAPABILITY_NECESSITY_AND_CONSUMER_BINDING;CONFLICT_AND_EXCLUSION_REVIEW;UPDATE_AND_ROLLBACK_BOUNDARY	CAPABILITY_LEVEL_PROVIDER_REVIEW_AFTER_ADAPTATION_CLASSIFICATION_WITH_TARGETED_PASSIVE_CONSUMER_BINDING_ONLY_WHERE_AMBIGUOUS	SUPPLIER_BUILD_PROVENANCE_AS_A_SUBSTITUTE_FOR_PROVIDER_SELECTION_OR_RUNTIME_BINDING	AMBIGUOUS_CONSUMER_BINDING;ABI_OR_SECURITY_CONFLICT;MULTIPLE_NON_EQUIVALENT_PROVIDER_CANDIDATES;NO_OBSERVABLE_FALLBACK;ARTIFACT_MEMBER_RECIPE_OR_CONSUMER_BINDING_CHANGE	CLASSIFIED_OPEN_PROVIDER_AUTHORITY_NOT_ACCEPTED	NO_PROVIDER_COMPOSITION_TARGET_OR_ACTIVATION_EFFECT	PACKAGE_MEMBER_AND_RECIPE_EVIDENCE_DO_NOT_IMPLY_PROVIDER_AUTHORITY_OR_COMPLETE_RUNTIME_COMPOSITION
PCC-FREETYPE-ARTIFACT	ROOT	generic-root-review:af39bbec812180537c5a	gpkg/freetype	ARTIFACT_IDENTITY	EXACT_REFERENCE_ARTIFACT_AND_NAMED_MEMBER_CANDIDATE_IDENTITY	A	AUTHORITATIVE_TERMUX_GLIBC_PACKAGE_REPOSITORY_ARTIFACT	ACQUIRE_RETAIN_HASH_AND_BIND_NAMED_MEMBERS_WITHOUT_RECONSTRUCTING_SUPPLIER_BUILD_HISTORY	GUI_MULTI_CONSUMER;MATERIAL_RECIPE_DELTA	generic-root-review:af39bbec812180537c5a;generic-artifact:8e1d9d34f13c6c95aba5;generic-object-review:4f7fe5692de493966070;generic-artifact-member-comparison-artifacts.tsv;generic-recipe-binding-and-drift-target-receipt-review.tsv	NONE_FOR_EXACT_CANDIDATE_ARTIFACT_AND_NAMED_MEMBER_IDENTITY	NONE_RETAIN_EXACT_ARTIFACT_AND_MEMBER_DIGESTS_AT_TRANSFER	CUSTODIAN_BUILD_INVOCATION;FULL_BUILD_ENVIRONMENT;INDEPENDENT_REPRODUCTION	ARTIFACT_DIGEST_MISMATCH;MEMBER_OR_SONAME_MISMATCH;SUPPLIER_OPACITY_AFFECTING_THE_EXACT_IDENTITY_CLAIM	EVIDENCE_SUFFICIENT_FOR_CANDIDATE_IDENTITY_ONLY	CANDIDATE_IDENTITY_ONLY_NO_PROVIDER_OR_TARGET_EFFECT	EXACT_ARTIFACT_IDENTITY_DOES_NOT_IMPLY_ADAPTATION_ACCEPTANCE_PROVIDER_AUTHORITY_OR_TARGET_MEMBERSHIP
PCC-FREETYPE-ADAPTATION	ROOT	generic-root-review:af39bbec812180537c5a	gpkg/freetype	ADAPTATION_SEMANTICS	REFERENCE_RECIPE_EQUIVALENCE_OR_BOUNDED_TERMUX_ANDROID_ADAPTATION	B	PINNED_TERMUX_GLIBC_RECIPE_TREE_AND_PINNED_UPSTREAM_SOURCE	EXACT_RECIPE_PATCH_HOOK_CONFIGURATION_AND_PACKAGING_DELTAS_RELIED_ON_BY_THE_PROJECT	GUI_MULTI_CONSUMER;MATERIAL_RECIPE_DELTA	generic-root-review:af39bbec812180537c5a;recipe_tree=3a92f7895a8a4ef5cfe33fcc8b806acccffd0313;tokens=CUSTOM_TERMUX_STEP;EXTRA_CONFIGURE_ARGS;generic-recipe-binding-and-drift-target-receipt-review.tsv;generic-build-attestation-adaptation-root-evidence-receipt-review.tsv	AD-001_AD-002_AD-003_AD-004_SEMANTIC_DELTA_NECESSITY_AND_OBJECT_IMPACT_REVIEW	AGENT_SEMANTIC_DELTA_REVIEW_WITH_OBJECT_IMPACT_AND_PLATFORM_NECESSITY_CLASSIFICATION	SUP-02_CUSTODIAN_EXPORT_UNLESS_RECLASSIFICATION_OR_ESCALATION_TRIGGER_REQUIRES_CLASS_C_DEPTH	SEMANTIC_REVIEW_CANNOT_BOUND_GENERATED_OUTPUT;OBSERVED_ARTIFACT_BEHAVIOR_CONFLICTS_WITH_RECIPE;CLAIM_RECLASSIFIED_AS_INDEPENDENT_REPRODUCTION;HIGH_RISK_OUTPUT_REMAINS_OPAQUE	CLASSIFIED_OPEN_REVIEW_REQUIRED	REVIEW_PLAN_ONLY_NO_ADAPTATION_OR_PROVIDER_ACCEPTANCE	RECIPE_TOKEN_PRESENCE_OR_ABSENCE_DOES_NOT_BY_ITSELF_ESTABLISH_PLATFORM_NECESSITY_OR_EQUIVALENCE
PCC-FREETYPE-PROVIDER	ROOT	generic-root-review:af39bbec812180537c5a	gpkg/freetype	PROVIDER_AUTHORITY	PACKAGE_MEMBERS_AUTHORIZED_AS_RUNTIME_PROVIDER_FOR_THEIR_CAPABILITY_SCOPE	B	AUTHORITATIVE_PACKAGE_MEMBERS_FOR_CAPABILITY_PARTITIONS=gtk-gui	PROJECT_SELECTION_AND_INTEGRATION_OF_REFERENCE_MEMBERS_IN_A_CUSTOM_MIXED_WORLD_APPLICATION_RUNTIME	GUI_MULTI_CONSUMER;MATERIAL_RECIPE_DELTA	generic-root-review:af39bbec812180537c5a;generic-artifact:8e1d9d34f13c6c95aba5;generic-object-review:4f7fe5692de493966070;generic-artifact-member-comparison-artifacts.tsv;generic-recipe-binding-and-drift-target-receipt-review.tsv;authority-coverage-ledger.tsv;generic-source-authority-boundary.tsv;selected-object-authority-base.tsv	ADAPTATION_CLASSIFICATION;CAPABILITY_NECESSITY_AND_CONSUMER_BINDING;CONFLICT_AND_EXCLUSION_REVIEW;UPDATE_AND_ROLLBACK_BOUNDARY	CAPABILITY_LEVEL_PROVIDER_REVIEW_AFTER_ADAPTATION_CLASSIFICATION_WITH_TARGETED_PASSIVE_CONSUMER_BINDING_ONLY_WHERE_AMBIGUOUS	SUPPLIER_BUILD_PROVENANCE_AS_A_SUBSTITUTE_FOR_PROVIDER_SELECTION_OR_RUNTIME_BINDING	AMBIGUOUS_CONSUMER_BINDING;ABI_OR_SECURITY_CONFLICT;MULTIPLE_NON_EQUIVALENT_PROVIDER_CANDIDATES;NO_OBSERVABLE_FALLBACK;ARTIFACT_MEMBER_RECIPE_OR_CONSUMER_BINDING_CHANGE	CLASSIFIED_OPEN_PROVIDER_AUTHORITY_NOT_ACCEPTED	NO_PROVIDER_COMPOSITION_TARGET_OR_ACTIVATION_EFFECT	PACKAGE_MEMBER_AND_RECIPE_EVIDENCE_DO_NOT_IMPLY_PROVIDER_AUTHORITY_OR_COMPLETE_RUNTIME_COMPOSITION
PCC-FRIBIDI-ARTIFACT	ROOT	generic-root-review:c38f6cb7aef89fe33a48	gpkg/fribidi	ARTIFACT_IDENTITY	EXACT_REFERENCE_ARTIFACT_AND_NAMED_MEMBER_CANDIDATE_IDENTITY	A	AUTHORITATIVE_TERMUX_GLIBC_PACKAGE_REPOSITORY_ARTIFACT	ACQUIRE_RETAIN_HASH_AND_BIND_NAMED_MEMBERS_WITHOUT_RECONSTRUCTING_SUPPLIER_BUILD_HISTORY	GUI_MULTI_CONSUMER;MATERIAL_RECIPE_DELTA	generic-root-review:c38f6cb7aef89fe33a48;generic-artifact:9e99711a88e10441c0ee;generic-object-review:5853922c25d94657bf0f;generic-artifact-member-comparison-artifacts.tsv;generic-recipe-binding-and-drift-target-receipt-review.tsv	NONE_FOR_EXACT_CANDIDATE_ARTIFACT_AND_NAMED_MEMBER_IDENTITY	NONE_RETAIN_EXACT_ARTIFACT_AND_MEMBER_DIGESTS_AT_TRANSFER	CUSTODIAN_BUILD_INVOCATION;FULL_BUILD_ENVIRONMENT;INDEPENDENT_REPRODUCTION	ARTIFACT_DIGEST_MISMATCH;MEMBER_OR_SONAME_MISMATCH;SUPPLIER_OPACITY_AFFECTING_THE_EXACT_IDENTITY_CLAIM	EVIDENCE_SUFFICIENT_FOR_CANDIDATE_IDENTITY_ONLY	CANDIDATE_IDENTITY_ONLY_NO_PROVIDER_OR_TARGET_EFFECT	EXACT_ARTIFACT_IDENTITY_DOES_NOT_IMPLY_ADAPTATION_ACCEPTANCE_PROVIDER_AUTHORITY_OR_TARGET_MEMBERSHIP
PCC-FRIBIDI-ADAPTATION	ROOT	generic-root-review:c38f6cb7aef89fe33a48	gpkg/fribidi	ADAPTATION_SEMANTICS	REFERENCE_RECIPE_EQUIVALENCE_OR_BOUNDED_TERMUX_ANDROID_ADAPTATION	B	PINNED_TERMUX_GLIBC_RECIPE_TREE_AND_PINNED_UPSTREAM_SOURCE	EXACT_RECIPE_PATCH_HOOK_CONFIGURATION_AND_PACKAGING_DELTAS_RELIED_ON_BY_THE_PROJECT	GUI_MULTI_CONSUMER;MATERIAL_RECIPE_DELTA	generic-root-review:c38f6cb7aef89fe33a48;recipe_tree=41ad596c81980f710112cd74d4f1b428cfbc6d6a;tokens=CUSTOM_TERMUX_STEP;generic-recipe-binding-and-drift-target-receipt-review.tsv;generic-build-attestation-adaptation-root-evidence-receipt-review.tsv	AD-001_AD-002_AD-003_AD-004_SEMANTIC_DELTA_NECESSITY_AND_OBJECT_IMPACT_REVIEW	AGENT_SEMANTIC_DELTA_REVIEW_WITH_OBJECT_IMPACT_AND_PLATFORM_NECESSITY_CLASSIFICATION	SUP-02_CUSTODIAN_EXPORT_UNLESS_RECLASSIFICATION_OR_ESCALATION_TRIGGER_REQUIRES_CLASS_C_DEPTH	SEMANTIC_REVIEW_CANNOT_BOUND_GENERATED_OUTPUT;OBSERVED_ARTIFACT_BEHAVIOR_CONFLICTS_WITH_RECIPE;CLAIM_RECLASSIFIED_AS_INDEPENDENT_REPRODUCTION;HIGH_RISK_OUTPUT_REMAINS_OPAQUE	CLASSIFIED_OPEN_REVIEW_REQUIRED	REVIEW_PLAN_ONLY_NO_ADAPTATION_OR_PROVIDER_ACCEPTANCE	RECIPE_TOKEN_PRESENCE_OR_ABSENCE_DOES_NOT_BY_ITSELF_ESTABLISH_PLATFORM_NECESSITY_OR_EQUIVALENCE
PCC-FRIBIDI-PROVIDER	ROOT	generic-root-review:c38f6cb7aef89fe33a48	gpkg/fribidi	PROVIDER_AUTHORITY	PACKAGE_MEMBERS_AUTHORIZED_AS_RUNTIME_PROVIDER_FOR_THEIR_CAPABILITY_SCOPE	B	AUTHORITATIVE_PACKAGE_MEMBERS_FOR_CAPABILITY_PARTITIONS=gtk-gui	PROJECT_SELECTION_AND_INTEGRATION_OF_REFERENCE_MEMBERS_IN_A_CUSTOM_MIXED_WORLD_APPLICATION_RUNTIME	GUI_MULTI_CONSUMER;MATERIAL_RECIPE_DELTA	generic-root-review:c38f6cb7aef89fe33a48;generic-artifact:9e99711a88e10441c0ee;generic-object-review:5853922c25d94657bf0f;generic-artifact-member-comparison-artifacts.tsv;generic-recipe-binding-and-drift-target-receipt-review.tsv;authority-coverage-ledger.tsv;generic-source-authority-boundary.tsv;selected-object-authority-base.tsv	ADAPTATION_CLASSIFICATION;CAPABILITY_NECESSITY_AND_CONSUMER_BINDING;CONFLICT_AND_EXCLUSION_REVIEW;UPDATE_AND_ROLLBACK_BOUNDARY	CAPABILITY_LEVEL_PROVIDER_REVIEW_AFTER_ADAPTATION_CLASSIFICATION_WITH_TARGETED_PASSIVE_CONSUMER_BINDING_ONLY_WHERE_AMBIGUOUS	SUPPLIER_BUILD_PROVENANCE_AS_A_SUBSTITUTE_FOR_PROVIDER_SELECTION_OR_RUNTIME_BINDING	AMBIGUOUS_CONSUMER_BINDING;ABI_OR_SECURITY_CONFLICT;MULTIPLE_NON_EQUIVALENT_PROVIDER_CANDIDATES;NO_OBSERVABLE_FALLBACK;ARTIFACT_MEMBER_RECIPE_OR_CONSUMER_BINDING_CHANGE	CLASSIFIED_OPEN_PROVIDER_AUTHORITY_NOT_ACCEPTED	NO_PROVIDER_COMPOSITION_TARGET_OR_ACTIVATION_EFFECT	PACKAGE_MEMBER_AND_RECIPE_EVIDENCE_DO_NOT_IMPLY_PROVIDER_AUTHORITY_OR_COMPLETE_RUNTIME_COMPOSITION
PCC-GLIB-ARTIFACT	ROOT	generic-root-review:c59af7056fbbff435bc8	gpkg/glib	ARTIFACT_IDENTITY	EXACT_REFERENCE_ARTIFACT_AND_NAMED_MEMBER_CANDIDATE_IDENTITY	A	AUTHORITATIVE_TERMUX_GLIBC_PACKAGE_REPOSITORY_ARTIFACT	ACQUIRE_RETAIN_HASH_AND_BIND_NAMED_MEMBERS_WITHOUT_RECONSTRUCTING_SUPPLIER_BUILD_HISTORY	CONCRETE_FILENAME_DRIFT;GUI_MULTI_CONSUMER;MATERIAL_RECIPE_DELTA;MULTI_OBJECT_ROOT	generic-root-review:c59af7056fbbff435bc8;generic-artifact:d91fe1202c51f7e59b12;generic-object-review:0281572fbebd46151a77;generic-object-review:8238648a384d05a4a97b;generic-object-review:94116582b88bbac114f6;generic-object-review:f6ed3b97327067c5e9f9;generic-artifact-member-comparison-artifacts.tsv;generic-recipe-binding-and-drift-target-receipt-review.tsv	NONE_FOR_EXACT_CANDIDATE_ARTIFACT_AND_NAMED_MEMBER_IDENTITY	NONE_RETAIN_EXACT_ARTIFACT_AND_MEMBER_DIGESTS_AT_TRANSFER	CUSTODIAN_BUILD_INVOCATION;FULL_BUILD_ENVIRONMENT;INDEPENDENT_REPRODUCTION	ARTIFACT_DIGEST_MISMATCH;MEMBER_OR_SONAME_MISMATCH;SUPPLIER_OPACITY_AFFECTING_THE_EXACT_IDENTITY_CLAIM	EVIDENCE_SUFFICIENT_FOR_CANDIDATE_IDENTITY_ONLY	CANDIDATE_IDENTITY_ONLY_NO_PROVIDER_OR_TARGET_EFFECT	EXACT_ARTIFACT_IDENTITY_DOES_NOT_IMPLY_ADAPTATION_ACCEPTANCE_PROVIDER_AUTHORITY_OR_TARGET_MEMBERSHIP
PCC-GLIB-ADAPTATION	ROOT	generic-root-review:c59af7056fbbff435bc8	gpkg/glib	ADAPTATION_SEMANTICS	REFERENCE_RECIPE_EQUIVALENCE_OR_BOUNDED_TERMUX_ANDROID_ADAPTATION	B	PINNED_TERMUX_GLIBC_RECIPE_TREE_AND_PINNED_UPSTREAM_SOURCE	TERMUX_PREFIX_MACHINE_ID_SETTINGS_RESOLVER_XDG_LOCALE_SPAWN_TMP_OS_RELEASE_DATA_DIRS_PIDFD_DISABLE_RUNTIME_DIR_DEBUG_DOC_INTROSPECTION_MAN_AND_PACKAGING_HOOKS	CONCRETE_FILENAME_DRIFT;GUI_MULTI_CONSUMER;MATERIAL_RECIPE_DELTA;MULTI_OBJECT_ROOT	generic-root-review:c59af7056fbbff435bc8;recipe_tree=de335e6ba82f295978c17dcf3666a38bfd51538f;tokens=CUSTOM_TERMUX_STEP;EXTRA_CONFIGURE_ARGS;LAYOUT_OR_HOOK;PACKAGE_REVISION;PATCH_FILE;SUBPACKAGE_SCRIPT;TERMUX_PREFIX_REFERENCE;generic-recipe-binding-and-drift-target-receipt-review.tsv;generic-build-attestation-adaptation-root-evidence-receipt-review.tsv;gdkpixbuf-reference-dependency-provider-authority.tsv;GDKPIXBUF-REF-PROV-GLIB-001	NONE_FOR_BOUNDED_GDKPIXBUF_CONSUMER_SCOPE;BROADER_GIO_SERVICES_AND_NON_GDKPIXBUF_CONSUMERS_EXCLUDED	RETAIN_EXACT_RECIPE_TREE_PATCH_SET_ARTIFACT_AND_GDKPIXBUF_FUNCTIONAL_MAP_EVIDENCE	SUP-02_CUSTODIAN_EXPORT_UNLESS_RECLASSIFICATION_OR_ESCALATION_TRIGGER_REQUIRES_CLASS_C_DEPTH	SEMANTIC_REVIEW_CANNOT_BOUND_GENERATED_OUTPUT;OBSERVED_ARTIFACT_BEHAVIOR_CONFLICTS_WITH_RECIPE;CLAIM_RECLASSIFIED_AS_INDEPENDENT_REPRODUCTION;HIGH_RISK_OUTPUT_REMAINS_OPAQUE	CLASS_B_TERMUX_ANDROID_PREFIX_KERNEL_RUNTIME_PATH_AND_PACKAGING_ADAPTATION_ACCEPTED_BOUNDED	ADAPTATION_CLASSIFICATION_ACCEPTED_NO_COMPOSITION_TARGET_OR_ACTIVATION_EFFECT	RECIPE_TOKEN_PRESENCE_OR_ABSENCE_DOES_NOT_BY_ITSELF_ESTABLISH_PLATFORM_NECESSITY_OR_EQUIVALENCE
PCC-GLIB-PROVIDER	ROOT	generic-root-review:c59af7056fbbff435bc8	gpkg/glib	PROVIDER_AUTHORITY	PACKAGE_MEMBERS_AUTHORIZED_AS_RUNTIME_PROVIDER_FOR_THEIR_CAPABILITY_SCOPE	B	AUTHORITATIVE_PACKAGE_MEMBERS_FOR_CAPABILITY_PARTITIONS=gtk-gui	PROJECT_SELECTION_AND_INTEGRATION_OF_REFERENCE_MEMBERS_IN_A_CUSTOM_MIXED_WORLD_APPLICATION_RUNTIME	CONCRETE_FILENAME_DRIFT;GUI_MULTI_CONSUMER;MATERIAL_RECIPE_DELTA;MULTI_OBJECT_ROOT	generic-root-review:c59af7056fbbff435bc8;generic-artifact:d91fe1202c51f7e59b12;generic-object-review:0281572fbebd46151a77;generic-object-review:8238648a384d05a4a97b;generic-object-review:94116582b88bbac114f6;generic-object-review:f6ed3b97327067c5e9f9;generic-artifact-member-comparison-artifacts.tsv;generic-recipe-binding-and-drift-target-receipt-review.tsv;authority-coverage-ledger.tsv;generic-source-authority-boundary.tsv;selected-object-authority-base.tsv;gdkpixbuf-reference-dependency-provider-authority.tsv;GDKPIXBUF-REF-PROV-GLIB-001	NONE_FOR_BOUNDED_GDKPIXBUF_DIRECT_GLIB_FAMILY_PROVIDER_AUTHORITY;EXACT_OFFICIAL_LIBMOUNT_LIBBLKID_BINDING_REMAINS_SEPARATE	RETAIN_BOUNDED_PROVIDER_AUTHORITY_AND_REVALIDATE_ON_RECORDED_UPDATE_OR_ROLLBACK_TRIGGER	SUPPLIER_BUILD_PROVENANCE_AS_A_SUBSTITUTE_FOR_PROVIDER_SELECTION_OR_RUNTIME_BINDING	AMBIGUOUS_CONSUMER_BINDING;ABI_OR_SECURITY_CONFLICT;MULTIPLE_NON_EQUIVALENT_PROVIDER_CANDIDATES;NO_OBSERVABLE_FALLBACK;ARTIFACT_MEMBER_RECIPE_OR_CONSUMER_BINDING_CHANGE	BOUNDED_PROVIDER_AUTHORITY_ACCEPTED	EXACT_FOUR_MEMBER_GLIB_PROVIDER_FAMILY_ACCEPTED_FOR_GDKPIXBUF_2_42_12_FIXED_JPEG_PNG_FILE_MEMORY_DECODE_ONLY_NO_COMPOSITION_TARGET_OR_ACTIVATION_EFFECT	DOES_NOT_ACCEPT_ALL_GLIB_PACKAGE_MEMBERS_BROADER_GIO_SERVICES_OFFICIAL_LIBMOUNT_LIBBLKID_PROVIDER_AUTHORITY_COMPLETE_COMPOSITION_TARGET_POPULATION_MATERIALIZATION_OR_ACTIVATION
PCC-HARFBUZZ-ARTIFACT	ROOT	generic-root-review:706bd01fdd0555fcabc9	gpkg/harfbuzz	ARTIFACT_IDENTITY	EXACT_REFERENCE_ARTIFACT_AND_NAMED_MEMBER_CANDIDATE_IDENTITY	A	AUTHORITATIVE_TERMUX_GLIBC_PACKAGE_REPOSITORY_ARTIFACT	ACQUIRE_RETAIN_HASH_AND_BIND_NAMED_MEMBERS_WITHOUT_RECONSTRUCTING_SUPPLIER_BUILD_HISTORY	CONCRETE_FILENAME_DRIFT;GUI_MULTI_CONSUMER;MATERIAL_RECIPE_DELTA	generic-root-review:706bd01fdd0555fcabc9;generic-artifact:d0e4a83180560341dc02;generic-object-review:e5f19501532579a30e66;generic-artifact-member-comparison-artifacts.tsv;generic-recipe-binding-and-drift-target-receipt-review.tsv	NONE_FOR_EXACT_CANDIDATE_ARTIFACT_AND_NAMED_MEMBER_IDENTITY	NONE_RETAIN_EXACT_ARTIFACT_AND_MEMBER_DIGESTS_AT_TRANSFER	CUSTODIAN_BUILD_INVOCATION;FULL_BUILD_ENVIRONMENT;INDEPENDENT_REPRODUCTION	ARTIFACT_DIGEST_MISMATCH;MEMBER_OR_SONAME_MISMATCH;SUPPLIER_OPACITY_AFFECTING_THE_EXACT_IDENTITY_CLAIM	EVIDENCE_SUFFICIENT_FOR_CANDIDATE_IDENTITY_ONLY	CANDIDATE_IDENTITY_ONLY_NO_PROVIDER_OR_TARGET_EFFECT	EXACT_ARTIFACT_IDENTITY_DOES_NOT_IMPLY_ADAPTATION_ACCEPTANCE_PROVIDER_AUTHORITY_OR_TARGET_MEMBERSHIP
PCC-HARFBUZZ-ADAPTATION	ROOT	generic-root-review:706bd01fdd0555fcabc9	gpkg/harfbuzz	ADAPTATION_SEMANTICS	REFERENCE_RECIPE_EQUIVALENCE_OR_BOUNDED_TERMUX_ANDROID_ADAPTATION	B	PINNED_TERMUX_GLIBC_RECIPE_TREE_AND_PINNED_UPSTREAM_SOURCE	EXACT_RECIPE_PATCH_HOOK_CONFIGURATION_AND_PACKAGING_DELTAS_RELIED_ON_BY_THE_PROJECT	CONCRETE_FILENAME_DRIFT;GUI_MULTI_CONSUMER;MATERIAL_RECIPE_DELTA	generic-root-review:706bd01fdd0555fcabc9;recipe_tree=f353d5f116250f7bcab7ecf062cdb13728b0ecc8;tokens=CUSTOM_TERMUX_STEP;EXTRA_CONFIGURE_ARGS;PATCH_FILE;SUBPACKAGE_SCRIPT;generic-recipe-binding-and-drift-target-receipt-review.tsv;generic-build-attestation-adaptation-root-evidence-receipt-review.tsv	AD-001_AD-002_AD-003_AD-004_SEMANTIC_DELTA_NECESSITY_AND_OBJECT_IMPACT_REVIEW;CF-001_CF-002_CF-003_CF-004_ALIAS_SUCCESSOR_AND_ROLLBACK_POLICY	AGENT_SEMANTIC_DELTA_REVIEW_WITH_OBJECT_IMPACT_AND_PLATFORM_NECESSITY_CLASSIFICATION;REVIEW_CONSUMER_ALIAS_BINDING_AND_VERSION_DRIFT_POLICY	SUP-02_CUSTODIAN_EXPORT_UNLESS_RECLASSIFICATION_OR_ESCALATION_TRIGGER_REQUIRES_CLASS_C_DEPTH	SEMANTIC_REVIEW_CANNOT_BOUND_GENERATED_OUTPUT;OBSERVED_ARTIFACT_BEHAVIOR_CONFLICTS_WITH_RECIPE;CLAIM_RECLASSIFIED_AS_INDEPENDENT_REPRODUCTION;HIGH_RISK_OUTPUT_REMAINS_OPAQUE	CLASSIFIED_OPEN_REVIEW_REQUIRED	REVIEW_PLAN_ONLY_NO_ADAPTATION_OR_PROVIDER_ACCEPTANCE	RECIPE_TOKEN_PRESENCE_OR_ABSENCE_DOES_NOT_BY_ITSELF_ESTABLISH_PLATFORM_NECESSITY_OR_EQUIVALENCE
PCC-HARFBUZZ-PROVIDER	ROOT	generic-root-review:706bd01fdd0555fcabc9	gpkg/harfbuzz	PROVIDER_AUTHORITY	PACKAGE_MEMBERS_AUTHORIZED_AS_RUNTIME_PROVIDER_FOR_THEIR_CAPABILITY_SCOPE	B	AUTHORITATIVE_PACKAGE_MEMBERS_FOR_CAPABILITY_PARTITIONS=gtk-gui	PROJECT_SELECTION_AND_INTEGRATION_OF_REFERENCE_MEMBERS_IN_A_CUSTOM_MIXED_WORLD_APPLICATION_RUNTIME	CONCRETE_FILENAME_DRIFT;GUI_MULTI_CONSUMER;MATERIAL_RECIPE_DELTA	generic-root-review:706bd01fdd0555fcabc9;generic-artifact:d0e4a83180560341dc02;generic-object-review:e5f19501532579a30e66;generic-artifact-member-comparison-artifacts.tsv;generic-recipe-binding-and-drift-target-receipt-review.tsv;authority-coverage-ledger.tsv;generic-source-authority-boundary.tsv;selected-object-authority-base.tsv	ADAPTATION_CLASSIFICATION;CAPABILITY_NECESSITY_AND_CONSUMER_BINDING;CONFLICT_AND_EXCLUSION_REVIEW;UPDATE_AND_ROLLBACK_BOUNDARY	CAPABILITY_LEVEL_PROVIDER_REVIEW_AFTER_ADAPTATION_CLASSIFICATION_WITH_TARGETED_PASSIVE_CONSUMER_BINDING_ONLY_WHERE_AMBIGUOUS	SUPPLIER_BUILD_PROVENANCE_AS_A_SUBSTITUTE_FOR_PROVIDER_SELECTION_OR_RUNTIME_BINDING	AMBIGUOUS_CONSUMER_BINDING;ABI_OR_SECURITY_CONFLICT;MULTIPLE_NON_EQUIVALENT_PROVIDER_CANDIDATES;NO_OBSERVABLE_FALLBACK;ARTIFACT_MEMBER_RECIPE_OR_CONSUMER_BINDING_CHANGE	CLASSIFIED_OPEN_PROVIDER_AUTHORITY_NOT_ACCEPTED	NO_PROVIDER_COMPOSITION_TARGET_OR_ACTIVATION_EFFECT	PACKAGE_MEMBER_AND_RECIPE_EVIDENCE_DO_NOT_IMPLY_PROVIDER_AUTHORITY_OR_COMPLETE_RUNTIME_COMPOSITION
PCC-LIBCAIRO-ARTIFACT	ROOT	generic-root-review:0263d4b55d6a43edad7b	gpkg/libcairo	ARTIFACT_IDENTITY	EXACT_REFERENCE_ARTIFACT_AND_NAMED_MEMBER_CANDIDATE_IDENTITY	A	AUTHORITATIVE_TERMUX_GLIBC_PACKAGE_REPOSITORY_ARTIFACT	ACQUIRE_RETAIN_HASH_AND_BIND_NAMED_MEMBERS_WITHOUT_RECONSTRUCTING_SUPPLIER_BUILD_HISTORY	CONCRETE_FILENAME_DRIFT;GUI_MULTI_CONSUMER;MATERIAL_RECIPE_DELTA;MULTI_OBJECT_ROOT	generic-root-review:0263d4b55d6a43edad7b;generic-artifact:3250dba4dc3312b4fcaa;generic-object-review:2b5361cb8871759532b7;generic-object-review:83a504ea8dc0403c946b;generic-artifact-member-comparison-artifacts.tsv;generic-recipe-binding-and-drift-target-receipt-review.tsv	NONE_FOR_EXACT_CANDIDATE_ARTIFACT_AND_NAMED_MEMBER_IDENTITY	NONE_RETAIN_EXACT_ARTIFACT_AND_MEMBER_DIGESTS_AT_TRANSFER	CUSTODIAN_BUILD_INVOCATION;FULL_BUILD_ENVIRONMENT;INDEPENDENT_REPRODUCTION	ARTIFACT_DIGEST_MISMATCH;MEMBER_OR_SONAME_MISMATCH;SUPPLIER_OPACITY_AFFECTING_THE_EXACT_IDENTITY_CLAIM	EVIDENCE_SUFFICIENT_FOR_CANDIDATE_IDENTITY_ONLY	CANDIDATE_IDENTITY_ONLY_NO_PROVIDER_OR_TARGET_EFFECT	EXACT_ARTIFACT_IDENTITY_DOES_NOT_IMPLY_ADAPTATION_ACCEPTANCE_PROVIDER_AUTHORITY_OR_TARGET_MEMBERSHIP
PCC-LIBCAIRO-ADAPTATION	ROOT	generic-root-review:0263d4b55d6a43edad7b	gpkg/libcairo	ADAPTATION_SEMANTICS	REFERENCE_RECIPE_EQUIVALENCE_OR_BOUNDED_TERMUX_ANDROID_ADAPTATION	B	PINNED_TERMUX_GLIBC_RECIPE_TREE_AND_PINNED_UPSTREAM_SOURCE	EXACT_RECIPE_PATCH_HOOK_CONFIGURATION_AND_PACKAGING_DELTAS_RELIED_ON_BY_THE_PROJECT	CONCRETE_FILENAME_DRIFT;GUI_MULTI_CONSUMER;MATERIAL_RECIPE_DELTA;MULTI_OBJECT_ROOT	generic-root-review:0263d4b55d6a43edad7b;recipe_tree=b80a0990d43609e09f1480394225d2b068ce5881;tokens=EXTRA_CONFIGURE_ARGS;PATCH_FILE;TERMUX_PREFIX_REFERENCE;generic-recipe-binding-and-drift-target-receipt-review.tsv;generic-build-attestation-adaptation-root-evidence-receipt-review.tsv	AD-001_AD-002_AD-003_AD-004_SEMANTIC_DELTA_NECESSITY_AND_OBJECT_IMPACT_REVIEW;CF-001_CF-002_CF-003_CF-004_ALIAS_SUCCESSOR_AND_ROLLBACK_POLICY	AGENT_SEMANTIC_DELTA_REVIEW_WITH_OBJECT_IMPACT_AND_PLATFORM_NECESSITY_CLASSIFICATION;REVIEW_CONSUMER_ALIAS_BINDING_AND_VERSION_DRIFT_POLICY	SUP-02_CUSTODIAN_EXPORT_UNLESS_RECLASSIFICATION_OR_ESCALATION_TRIGGER_REQUIRES_CLASS_C_DEPTH	SEMANTIC_REVIEW_CANNOT_BOUND_GENERATED_OUTPUT;OBSERVED_ARTIFACT_BEHAVIOR_CONFLICTS_WITH_RECIPE;CLAIM_RECLASSIFIED_AS_INDEPENDENT_REPRODUCTION;HIGH_RISK_OUTPUT_REMAINS_OPAQUE	CLASSIFIED_OPEN_REVIEW_REQUIRED	REVIEW_PLAN_ONLY_NO_ADAPTATION_OR_PROVIDER_ACCEPTANCE	RECIPE_TOKEN_PRESENCE_OR_ABSENCE_DOES_NOT_BY_ITSELF_ESTABLISH_PLATFORM_NECESSITY_OR_EQUIVALENCE
PCC-LIBCAIRO-PROVIDER	ROOT	generic-root-review:0263d4b55d6a43edad7b	gpkg/libcairo	PROVIDER_AUTHORITY	PACKAGE_MEMBERS_AUTHORIZED_AS_RUNTIME_PROVIDER_FOR_THEIR_CAPABILITY_SCOPE	B	AUTHORITATIVE_PACKAGE_MEMBERS_FOR_CAPABILITY_PARTITIONS=gtk-gui	PROJECT_SELECTION_AND_INTEGRATION_OF_REFERENCE_MEMBERS_IN_A_CUSTOM_MIXED_WORLD_APPLICATION_RUNTIME	CONCRETE_FILENAME_DRIFT;GUI_MULTI_CONSUMER;MATERIAL_RECIPE_DELTA;MULTI_OBJECT_ROOT	generic-root-review:0263d4b55d6a43edad7b;generic-artifact:3250dba4dc3312b4fcaa;generic-object-review:2b5361cb8871759532b7;generic-object-review:83a504ea8dc0403c946b;generic-artifact-member-comparison-artifacts.tsv;generic-recipe-binding-and-drift-target-receipt-review.tsv;authority-coverage-ledger.tsv;generic-source-authority-boundary.tsv;selected-object-authority-base.tsv	ADAPTATION_CLASSIFICATION;CAPABILITY_NECESSITY_AND_CONSUMER_BINDING;CONFLICT_AND_EXCLUSION_REVIEW;UPDATE_AND_ROLLBACK_BOUNDARY	CAPABILITY_LEVEL_PROVIDER_REVIEW_AFTER_ADAPTATION_CLASSIFICATION_WITH_TARGETED_PASSIVE_CONSUMER_BINDING_ONLY_WHERE_AMBIGUOUS	SUPPLIER_BUILD_PROVENANCE_AS_A_SUBSTITUTE_FOR_PROVIDER_SELECTION_OR_RUNTIME_BINDING	AMBIGUOUS_CONSUMER_BINDING;ABI_OR_SECURITY_CONFLICT;MULTIPLE_NON_EQUIVALENT_PROVIDER_CANDIDATES;NO_OBSERVABLE_FALLBACK;ARTIFACT_MEMBER_RECIPE_OR_CONSUMER_BINDING_CHANGE	CLASSIFIED_OPEN_PROVIDER_AUTHORITY_NOT_ACCEPTED	NO_PROVIDER_COMPOSITION_TARGET_OR_ACTIVATION_EFFECT	PACKAGE_MEMBER_AND_RECIPE_EVIDENCE_DO_NOT_IMPLY_PROVIDER_AUTHORITY_OR_COMPLETE_RUNTIME_COMPOSITION
PCC-LIBCLOUDPROVIDERS-ARTIFACT	ROOT	generic-root-review:d5acfe552821242c8bec	gpkg/libcloudproviders	ARTIFACT_IDENTITY	EXACT_REFERENCE_ARTIFACT_AND_NAMED_MEMBER_CANDIDATE_IDENTITY	A	AUTHORITATIVE_TERMUX_GLIBC_PACKAGE_REPOSITORY_ARTIFACT	ACQUIRE_RETAIN_HASH_AND_BIND_NAMED_MEMBERS_WITHOUT_RECONSTRUCTING_SUPPLIER_BUILD_HISTORY	CONFIGURATION_OR_PACKAGING_DELTA;GUI_MULTI_CONSUMER	generic-root-review:d5acfe552821242c8bec;generic-artifact:62b4d4f5263a7750f56e;generic-object-review:6cbec002686204181f6b;generic-artifact-member-comparison-artifacts.tsv;generic-recipe-binding-and-drift-target-receipt-review.tsv	NONE_FOR_EXACT_CANDIDATE_ARTIFACT_AND_NAMED_MEMBER_IDENTITY	NONE_RETAIN_EXACT_ARTIFACT_AND_MEMBER_DIGESTS_AT_TRANSFER	CUSTODIAN_BUILD_INVOCATION;FULL_BUILD_ENVIRONMENT;INDEPENDENT_REPRODUCTION	ARTIFACT_DIGEST_MISMATCH;MEMBER_OR_SONAME_MISMATCH;SUPPLIER_OPACITY_AFFECTING_THE_EXACT_IDENTITY_CLAIM	EVIDENCE_SUFFICIENT_FOR_CANDIDATE_IDENTITY_ONLY	CANDIDATE_IDENTITY_ONLY_NO_PROVIDER_OR_TARGET_EFFECT	EXACT_ARTIFACT_IDENTITY_DOES_NOT_IMPLY_ADAPTATION_ACCEPTANCE_PROVIDER_AUTHORITY_OR_TARGET_MEMBERSHIP
PCC-LIBCLOUDPROVIDERS-ADAPTATION	ROOT	generic-root-review:d5acfe552821242c8bec	gpkg/libcloudproviders	ADAPTATION_SEMANTICS	REFERENCE_RECIPE_EQUIVALENCE_OR_BOUNDED_TERMUX_ANDROID_ADAPTATION	B	PINNED_TERMUX_GLIBC_RECIPE_TREE_AND_PINNED_UPSTREAM_SOURCE	EXACT_RECIPE_PATCH_HOOK_CONFIGURATION_AND_PACKAGING_DELTAS_RELIED_ON_BY_THE_PROJECT	CONFIGURATION_OR_PACKAGING_DELTA;GUI_MULTI_CONSUMER	generic-root-review:d5acfe552821242c8bec;recipe_tree=ca7597d86cb1610e64f209ff2b84c3ea13c4357a;tokens=EXTRA_CONFIGURE_ARGS;generic-recipe-binding-and-drift-target-receipt-review.tsv;generic-build-attestation-adaptation-root-evidence-receipt-review.tsv	AD-001_AD-002_AD-003_AD-004_SEMANTIC_DELTA_NECESSITY_AND_OBJECT_IMPACT_REVIEW	AGENT_SEMANTIC_DELTA_REVIEW_WITH_OBJECT_IMPACT_AND_PLATFORM_NECESSITY_CLASSIFICATION	SUP-02_CUSTODIAN_EXPORT_UNLESS_RECLASSIFICATION_OR_ESCALATION_TRIGGER_REQUIRES_CLASS_C_DEPTH	SEMANTIC_REVIEW_CANNOT_BOUND_GENERATED_OUTPUT;OBSERVED_ARTIFACT_BEHAVIOR_CONFLICTS_WITH_RECIPE;CLAIM_RECLASSIFIED_AS_INDEPENDENT_REPRODUCTION;HIGH_RISK_OUTPUT_REMAINS_OPAQUE	CLASSIFIED_OPEN_REVIEW_REQUIRED	REVIEW_PLAN_ONLY_NO_ADAPTATION_OR_PROVIDER_ACCEPTANCE	RECIPE_TOKEN_PRESENCE_OR_ABSENCE_DOES_NOT_BY_ITSELF_ESTABLISH_PLATFORM_NECESSITY_OR_EQUIVALENCE
PCC-LIBCLOUDPROVIDERS-PROVIDER	ROOT	generic-root-review:d5acfe552821242c8bec	gpkg/libcloudproviders	PROVIDER_AUTHORITY	PACKAGE_MEMBERS_AUTHORIZED_AS_RUNTIME_PROVIDER_FOR_THEIR_CAPABILITY_SCOPE	B	AUTHORITATIVE_PACKAGE_MEMBERS_FOR_CAPABILITY_PARTITIONS=gtk-gui	PROJECT_SELECTION_AND_INTEGRATION_OF_REFERENCE_MEMBERS_IN_A_CUSTOM_MIXED_WORLD_APPLICATION_RUNTIME	CONFIGURATION_OR_PACKAGING_DELTA;GUI_MULTI_CONSUMER	generic-root-review:d5acfe552821242c8bec;generic-artifact:62b4d4f5263a7750f56e;generic-object-review:6cbec002686204181f6b;generic-artifact-member-comparison-artifacts.tsv;generic-recipe-binding-and-drift-target-receipt-review.tsv;authority-coverage-ledger.tsv;generic-source-authority-boundary.tsv;selected-object-authority-base.tsv	ADAPTATION_CLASSIFICATION;CAPABILITY_NECESSITY_AND_CONSUMER_BINDING;CONFLICT_AND_EXCLUSION_REVIEW;UPDATE_AND_ROLLBACK_BOUNDARY	CAPABILITY_LEVEL_PROVIDER_REVIEW_AFTER_ADAPTATION_CLASSIFICATION_WITH_TARGETED_PASSIVE_CONSUMER_BINDING_ONLY_WHERE_AMBIGUOUS	SUPPLIER_BUILD_PROVENANCE_AS_A_SUBSTITUTE_FOR_PROVIDER_SELECTION_OR_RUNTIME_BINDING	AMBIGUOUS_CONSUMER_BINDING;ABI_OR_SECURITY_CONFLICT;MULTIPLE_NON_EQUIVALENT_PROVIDER_CANDIDATES;NO_OBSERVABLE_FALLBACK;ARTIFACT_MEMBER_RECIPE_OR_CONSUMER_BINDING_CHANGE	CLASSIFIED_OPEN_PROVIDER_AUTHORITY_NOT_ACCEPTED	NO_PROVIDER_COMPOSITION_TARGET_OR_ACTIVATION_EFFECT	PACKAGE_MEMBER_AND_RECIPE_EVIDENCE_DO_NOT_IMPLY_PROVIDER_AUTHORITY_OR_COMPLETE_RUNTIME_COMPOSITION
PCC-LIBDATRIE-ARTIFACT	ROOT	generic-root-review:7ddd185f55bd2a91009e	gpkg/libdatrie	ARTIFACT_IDENTITY	EXACT_REFERENCE_ARTIFACT_AND_NAMED_MEMBER_CANDIDATE_IDENTITY	A	AUTHORITATIVE_TERMUX_GLIBC_PACKAGE_REPOSITORY_ARTIFACT	ACQUIRE_RETAIN_HASH_AND_BIND_NAMED_MEMBERS_WITHOUT_RECONSTRUCTING_SUPPLIER_BUILD_HISTORY	GUI_MULTI_CONSUMER;MATERIAL_RECIPE_DELTA	generic-root-review:7ddd185f55bd2a91009e;generic-artifact:d553cf0a49e324e2595d;generic-object-review:836f236bbab56b69bef1;generic-artifact-member-comparison-artifacts.tsv;generic-recipe-binding-and-drift-target-receipt-review.tsv	NONE_FOR_EXACT_CANDIDATE_ARTIFACT_AND_NAMED_MEMBER_IDENTITY	NONE_RETAIN_EXACT_ARTIFACT_AND_MEMBER_DIGESTS_AT_TRANSFER	CUSTODIAN_BUILD_INVOCATION;FULL_BUILD_ENVIRONMENT;INDEPENDENT_REPRODUCTION	ARTIFACT_DIGEST_MISMATCH;MEMBER_OR_SONAME_MISMATCH;SUPPLIER_OPACITY_AFFECTING_THE_EXACT_IDENTITY_CLAIM	EVIDENCE_SUFFICIENT_FOR_CANDIDATE_IDENTITY_ONLY	CANDIDATE_IDENTITY_ONLY_NO_PROVIDER_OR_TARGET_EFFECT	EXACT_ARTIFACT_IDENTITY_DOES_NOT_IMPLY_ADAPTATION_ACCEPTANCE_PROVIDER_AUTHORITY_OR_TARGET_MEMBERSHIP
PCC-LIBDATRIE-ADAPTATION	ROOT	generic-root-review:7ddd185f55bd2a91009e	gpkg/libdatrie	ADAPTATION_SEMANTICS	REFERENCE_RECIPE_EQUIVALENCE_OR_BOUNDED_TERMUX_ANDROID_ADAPTATION	B	PINNED_TERMUX_GLIBC_RECIPE_TREE_AND_PINNED_UPSTREAM_SOURCE	EXACT_RECIPE_PATCH_HOOK_CONFIGURATION_AND_PACKAGING_DELTAS_RELIED_ON_BY_THE_PROJECT	GUI_MULTI_CONSUMER;MATERIAL_RECIPE_DELTA	generic-root-review:7ddd185f55bd2a91009e;recipe_tree=d773dbb3e0ad7eb29f323f75cb731e30eff66904;tokens=BUILD_IN_SRC;CUSTOM_TERMUX_STEP;generic-recipe-binding-and-drift-target-receipt-review.tsv;generic-build-attestation-adaptation-root-evidence-receipt-review.tsv	AD-001_AD-002_AD-003_AD-004_SEMANTIC_DELTA_NECESSITY_AND_OBJECT_IMPACT_REVIEW	AGENT_SEMANTIC_DELTA_REVIEW_WITH_OBJECT_IMPACT_AND_PLATFORM_NECESSITY_CLASSIFICATION	SUP-02_CUSTODIAN_EXPORT_UNLESS_RECLASSIFICATION_OR_ESCALATION_TRIGGER_REQUIRES_CLASS_C_DEPTH	SEMANTIC_REVIEW_CANNOT_BOUND_GENERATED_OUTPUT;OBSERVED_ARTIFACT_BEHAVIOR_CONFLICTS_WITH_RECIPE;CLAIM_RECLASSIFIED_AS_INDEPENDENT_REPRODUCTION;HIGH_RISK_OUTPUT_REMAINS_OPAQUE	CLASSIFIED_OPEN_REVIEW_REQUIRED	REVIEW_PLAN_ONLY_NO_ADAPTATION_OR_PROVIDER_ACCEPTANCE	RECIPE_TOKEN_PRESENCE_OR_ABSENCE_DOES_NOT_BY_ITSELF_ESTABLISH_PLATFORM_NECESSITY_OR_EQUIVALENCE
PCC-LIBDATRIE-PROVIDER	ROOT	generic-root-review:7ddd185f55bd2a91009e	gpkg/libdatrie	PROVIDER_AUTHORITY	PACKAGE_MEMBERS_AUTHORIZED_AS_RUNTIME_PROVIDER_FOR_THEIR_CAPABILITY_SCOPE	B	AUTHORITATIVE_PACKAGE_MEMBERS_FOR_CAPABILITY_PARTITIONS=gtk-gui	PROJECT_SELECTION_AND_INTEGRATION_OF_REFERENCE_MEMBERS_IN_A_CUSTOM_MIXED_WORLD_APPLICATION_RUNTIME	GUI_MULTI_CONSUMER;MATERIAL_RECIPE_DELTA	generic-root-review:7ddd185f55bd2a91009e;generic-artifact:d553cf0a49e324e2595d;generic-object-review:836f236bbab56b69bef1;generic-artifact-member-comparison-artifacts.tsv;generic-recipe-binding-and-drift-target-receipt-review.tsv;authority-coverage-ledger.tsv;generic-source-authority-boundary.tsv;selected-object-authority-base.tsv	ADAPTATION_CLASSIFICATION;CAPABILITY_NECESSITY_AND_CONSUMER_BINDING;CONFLICT_AND_EXCLUSION_REVIEW;UPDATE_AND_ROLLBACK_BOUNDARY	CAPABILITY_LEVEL_PROVIDER_REVIEW_AFTER_ADAPTATION_CLASSIFICATION_WITH_TARGETED_PASSIVE_CONSUMER_BINDING_ONLY_WHERE_AMBIGUOUS	SUPPLIER_BUILD_PROVENANCE_AS_A_SUBSTITUTE_FOR_PROVIDER_SELECTION_OR_RUNTIME_BINDING	AMBIGUOUS_CONSUMER_BINDING;ABI_OR_SECURITY_CONFLICT;MULTIPLE_NON_EQUIVALENT_PROVIDER_CANDIDATES;NO_OBSERVABLE_FALLBACK;ARTIFACT_MEMBER_RECIPE_OR_CONSUMER_BINDING_CHANGE	CLASSIFIED_OPEN_PROVIDER_AUTHORITY_NOT_ACCEPTED	NO_PROVIDER_COMPOSITION_TARGET_OR_ACTIVATION_EFFECT	PACKAGE_MEMBER_AND_RECIPE_EVIDENCE_DO_NOT_IMPLY_PROVIDER_AUTHORITY_OR_COMPLETE_RUNTIME_COMPOSITION
PCC-LIBEPOXY-ARTIFACT	ROOT	generic-root-review:2f6c3972ae083cff8dd2	gpkg/libepoxy	ARTIFACT_IDENTITY	EXACT_REFERENCE_ARTIFACT_AND_NAMED_MEMBER_CANDIDATE_IDENTITY	A	AUTHORITATIVE_TERMUX_GLIBC_PACKAGE_REPOSITORY_ARTIFACT	ACQUIRE_RETAIN_HASH_AND_BIND_NAMED_MEMBERS_WITHOUT_RECONSTRUCTING_SUPPLIER_BUILD_HISTORY	GUI_MULTI_CONSUMER;NO_EXPLICIT_DELTA_TOKEN	generic-root-review:2f6c3972ae083cff8dd2;generic-artifact:e53dc3b7f5419f13eb09;generic-object-review:201f8c8f70f3e4e93724;generic-artifact-member-comparison-artifacts.tsv;generic-recipe-binding-and-drift-target-receipt-review.tsv	NONE_FOR_EXACT_CANDIDATE_ARTIFACT_AND_NAMED_MEMBER_IDENTITY	NONE_RETAIN_EXACT_ARTIFACT_AND_MEMBER_DIGESTS_AT_TRANSFER	CUSTODIAN_BUILD_INVOCATION;FULL_BUILD_ENVIRONMENT;INDEPENDENT_REPRODUCTION	ARTIFACT_DIGEST_MISMATCH;MEMBER_OR_SONAME_MISMATCH;SUPPLIER_OPACITY_AFFECTING_THE_EXACT_IDENTITY_CLAIM	EVIDENCE_SUFFICIENT_FOR_CANDIDATE_IDENTITY_ONLY	CANDIDATE_IDENTITY_ONLY_NO_PROVIDER_OR_TARGET_EFFECT	EXACT_ARTIFACT_IDENTITY_DOES_NOT_IMPLY_ADAPTATION_ACCEPTANCE_PROVIDER_AUTHORITY_OR_TARGET_MEMBERSHIP
PCC-LIBEPOXY-ADAPTATION	ROOT	generic-root-review:2f6c3972ae083cff8dd2	gpkg/libepoxy	ADAPTATION_SEMANTICS	REFERENCE_RECIPE_EQUIVALENCE_OR_BOUNDED_TERMUX_ANDROID_ADAPTATION	A	PINNED_TERMUX_GLIBC_RECIPE_TREE_AND_PINNED_UPSTREAM_SOURCE	PACKAGE_SOURCE_PIN_AND_RUNTIME_DEPENDENCY_METADATA_ONLY;NO_PACKAGE_SPECIFIC_SOURCE_OR_BUILD_SEMANTIC_CHANGE	GUI_MULTI_CONSUMER;NO_EXPLICIT_DELTA_TOKEN	generic-root-review:2f6c3972ae083cff8dd2;recipe_tree=bb827daab0491d4ff49c822f96dd4bbb80102ef0;tokens=NONE_DECLARED;generic-recipe-binding-and-drift-target-receipt-review.tsv;generic-build-attestation-adaptation-root-evidence-receipt-review.tsv;no-token-recipe-semantic-review.tsv;NTR-001	NONE_FOR_PACKAGE_SPECIFIC_RECIPE_ADAPTATION_CLASSIFICATION	PROCEED_TO_BOUNDED_PROVIDER_AUTHORITY_REVIEW_WITHOUT_SUPPLIER_BUILD_RECONSTRUCTION	SUP-02_CUSTODIAN_EXPORT_UNLESS_RECLASSIFICATION_OR_ESCALATION_TRIGGER_REQUIRES_CLASS_C_DEPTH	SEMANTIC_REVIEW_CANNOT_BOUND_GENERATED_OUTPUT;OBSERVED_ARTIFACT_BEHAVIOR_CONFLICTS_WITH_RECIPE;CLAIM_RECLASSIFIED_AS_INDEPENDENT_REPRODUCTION;HIGH_RISK_OUTPUT_REMAINS_OPAQUE	CLASS_A_CONFIRMED_RECIPE_SEMANTIC_REVIEW_COMPLETE	ADAPTATION_CLASSIFICATION_ONLY_NO_PROVIDER_COMPOSITION_TARGET_OR_ACTIVATION_EFFECT	RECIPE_TOKEN_PRESENCE_OR_ABSENCE_DOES_NOT_BY_ITSELF_ESTABLISH_PLATFORM_NECESSITY_OR_EQUIVALENCE
PCC-LIBEPOXY-PROVIDER	ROOT	generic-root-review:2f6c3972ae083cff8dd2	gpkg/libepoxy	PROVIDER_AUTHORITY	PACKAGE_MEMBERS_AUTHORIZED_AS_RUNTIME_PROVIDER_FOR_THEIR_CAPABILITY_SCOPE	B	AUTHORITATIVE_PACKAGE_MEMBERS_FOR_CAPABILITY_PARTITIONS=gtk-gui	PROJECT_SELECTION_AND_INTEGRATION_OF_REFERENCE_MEMBERS_IN_A_CUSTOM_MIXED_WORLD_APPLICATION_RUNTIME	GUI_MULTI_CONSUMER;NO_EXPLICIT_DELTA_TOKEN	generic-root-review:2f6c3972ae083cff8dd2;generic-artifact:e53dc3b7f5419f13eb09;generic-object-review:201f8c8f70f3e4e93724;generic-artifact-member-comparison-artifacts.tsv;generic-recipe-binding-and-drift-target-receipt-review.tsv;authority-coverage-ledger.tsv;generic-source-authority-boundary.tsv;selected-object-authority-base.tsv;libepoxy-reference-consumed-provider-authority.tsv;LIBEPOXY-PROV-001	NONE_FOR_BOUNDED_GTK_X11_GLX_PROVIDER_AUTHORITY	RETAIN_BOUNDED_PROVIDER_AUTHORITY_AND_REVALIDATE_ON_RECORDED_UPDATE_OR_ROLLBACK_TRIGGER	SUPPLIER_BUILD_PROVENANCE_AS_A_SUBSTITUTE_FOR_PROVIDER_SELECTION_OR_RUNTIME_BINDING	AMBIGUOUS_CONSUMER_BINDING;ABI_OR_SECURITY_CONFLICT;MULTIPLE_NON_EQUIVALENT_PROVIDER_CANDIDATES;NO_OBSERVABLE_FALLBACK;ARTIFACT_MEMBER_RECIPE_OR_CONSUMER_BINDING_CHANGE	BOUNDED_PROVIDER_AUTHORITY_ACCEPTED	EXACT_LIBEPOXY_PROVIDER_AUTHORITY_ACCEPTED_FOR_SELECTED_GTK_3_24_49_X11_GLX_DISPATCH_ONLY_NO_EGL_EFFECT_NO_COMPOSITION_TARGET_OR_ACTIVATION_EFFECT	DOES_NOT_ACCEPT_EGL_OR_WAYLAND_CAPABILITY_COMPLETE_GL_OR_GRAPHICS_COMPOSITION_TARGET_POPULATION_MATERIALIZATION_ACTIVATION_OR_PRODUCING_BUILD_EQUIVALENCE
PCC-LIBGNUTLS-ARTIFACT	ROOT	generic-root-review:9147ecc3cb3d2ae95b32	gpkg/libgnutls	ARTIFACT_IDENTITY	EXACT_REFERENCE_ARTIFACT_AND_NAMED_MEMBER_CANDIDATE_IDENTITY	A	AUTHORITATIVE_TERMUX_GLIBC_PACKAGE_REPOSITORY_ARTIFACT	ACQUIRE_RETAIN_HASH_AND_BIND_NAMED_MEMBERS_WITHOUT_RECONSTRUCTING_SUPPLIER_BUILD_HISTORY	CONFIGURATION_OR_PACKAGING_DELTA;SERVICE_TLS_OR_NETWORK_INTEGRATION	generic-root-review:9147ecc3cb3d2ae95b32;generic-artifact:e072748f2ddba21f0193;generic-object-review:ee4a5877692db0f8091b;generic-artifact-member-comparison-artifacts.tsv;generic-recipe-binding-and-drift-target-receipt-review.tsv	NONE_FOR_EXACT_CANDIDATE_ARTIFACT_AND_NAMED_MEMBER_IDENTITY	NONE_RETAIN_EXACT_ARTIFACT_AND_MEMBER_DIGESTS_AT_TRANSFER	CUSTODIAN_BUILD_INVOCATION;FULL_BUILD_ENVIRONMENT;INDEPENDENT_REPRODUCTION	ARTIFACT_DIGEST_MISMATCH;MEMBER_OR_SONAME_MISMATCH;SUPPLIER_OPACITY_AFFECTING_THE_EXACT_IDENTITY_CLAIM	EVIDENCE_SUFFICIENT_FOR_CANDIDATE_IDENTITY_ONLY	CANDIDATE_IDENTITY_ONLY_NO_PROVIDER_OR_TARGET_EFFECT	EXACT_ARTIFACT_IDENTITY_DOES_NOT_IMPLY_ADAPTATION_ACCEPTANCE_PROVIDER_AUTHORITY_OR_TARGET_MEMBERSHIP
PCC-LIBGNUTLS-ADAPTATION	ROOT	generic-root-review:9147ecc3cb3d2ae95b32	gpkg/libgnutls	ADAPTATION_SEMANTICS	REFERENCE_RECIPE_EQUIVALENCE_OR_BOUNDED_TERMUX_ANDROID_ADAPTATION	B	PINNED_TERMUX_GLIBC_RECIPE_TREE_AND_PINNED_UPSTREAM_SOURCE	EXACT_RECIPE_PATCH_HOOK_CONFIGURATION_AND_PACKAGING_DELTAS_RELIED_ON_BY_THE_PROJECT	CONFIGURATION_OR_PACKAGING_DELTA;SERVICE_TLS_OR_NETWORK_INTEGRATION	generic-root-review:9147ecc3cb3d2ae95b32;recipe_tree=8851cd93d2e7c823b86e3940d7b61fd1965594e6;tokens=BUILD_IN_SRC;EXTRA_CONFIGURE_ARGS;SUBPACKAGE_SCRIPT;generic-recipe-binding-and-drift-target-receipt-review.tsv;generic-build-attestation-adaptation-root-evidence-receipt-review.tsv	AD-001_AD-002_AD-003_AD-004_SEMANTIC_DELTA_NECESSITY_AND_OBJECT_IMPACT_REVIEW	AGENT_SEMANTIC_DELTA_REVIEW_WITH_OBJECT_IMPACT_AND_PLATFORM_NECESSITY_CLASSIFICATION	SUP-02_CUSTODIAN_EXPORT_UNLESS_RECLASSIFICATION_OR_ESCALATION_TRIGGER_REQUIRES_CLASS_C_DEPTH	SEMANTIC_REVIEW_CANNOT_BOUND_GENERATED_OUTPUT;OBSERVED_ARTIFACT_BEHAVIOR_CONFLICTS_WITH_RECIPE;CLAIM_RECLASSIFIED_AS_INDEPENDENT_REPRODUCTION;HIGH_RISK_OUTPUT_REMAINS_OPAQUE	CLASSIFIED_OPEN_REVIEW_REQUIRED	REVIEW_PLAN_ONLY_NO_ADAPTATION_OR_PROVIDER_ACCEPTANCE	RECIPE_TOKEN_PRESENCE_OR_ABSENCE_DOES_NOT_BY_ITSELF_ESTABLISH_PLATFORM_NECESSITY_OR_EQUIVALENCE
PCC-LIBGNUTLS-PROVIDER	ROOT	generic-root-review:9147ecc3cb3d2ae95b32	gpkg/libgnutls	PROVIDER_AUTHORITY	PACKAGE_MEMBERS_AUTHORIZED_AS_RUNTIME_PROVIDER_FOR_THEIR_CAPABILITY_SCOPE	B	AUTHORITATIVE_PACKAGE_MEMBERS_FOR_CAPABILITY_PARTITIONS=printing	PROJECT_SELECTION_AND_INTEGRATION_OF_REFERENCE_MEMBERS_IN_A_CUSTOM_MIXED_WORLD_APPLICATION_RUNTIME	CONFIGURATION_OR_PACKAGING_DELTA;SERVICE_TLS_OR_NETWORK_INTEGRATION	generic-root-review:9147ecc3cb3d2ae95b32;generic-artifact:e072748f2ddba21f0193;generic-object-review:ee4a5877692db0f8091b;generic-artifact-member-comparison-artifacts.tsv;generic-recipe-binding-and-drift-target-receipt-review.tsv;authority-coverage-ledger.tsv;generic-source-authority-boundary.tsv;selected-object-authority-base.tsv	ADAPTATION_CLASSIFICATION;CAPABILITY_NECESSITY_AND_CONSUMER_BINDING;CONFLICT_AND_EXCLUSION_REVIEW;UPDATE_AND_ROLLBACK_BOUNDARY	CAPABILITY_LEVEL_PROVIDER_REVIEW_AFTER_ADAPTATION_CLASSIFICATION_WITH_TARGETED_PASSIVE_CONSUMER_BINDING_ONLY_WHERE_AMBIGUOUS	SUPPLIER_BUILD_PROVENANCE_AS_A_SUBSTITUTE_FOR_PROVIDER_SELECTION_OR_RUNTIME_BINDING	AMBIGUOUS_CONSUMER_BINDING;ABI_OR_SECURITY_CONFLICT;MULTIPLE_NON_EQUIVALENT_PROVIDER_CANDIDATES;NO_OBSERVABLE_FALLBACK;ARTIFACT_MEMBER_RECIPE_OR_CONSUMER_BINDING_CHANGE	CLASSIFIED_OPEN_PROVIDER_AUTHORITY_NOT_ACCEPTED	NO_PROVIDER_COMPOSITION_TARGET_OR_ACTIVATION_EFFECT	PACKAGE_MEMBER_AND_RECIPE_EVIDENCE_DO_NOT_IMPLY_PROVIDER_AUTHORITY_OR_COMPLETE_RUNTIME_COMPOSITION
PCC-LIBJPEG-TURBO-ARTIFACT	ROOT	generic-root-review:59aa2f063b98cf767441	gpkg/libjpeg-turbo	ARTIFACT_IDENTITY	EXACT_REFERENCE_ARTIFACT_AND_NAMED_MEMBER_CANDIDATE_IDENTITY	A	AUTHORITATIVE_TERMUX_GLIBC_PACKAGE_REPOSITORY_ARTIFACT	ACQUIRE_RETAIN_HASH_AND_BIND_NAMED_MEMBERS_WITHOUT_RECONSTRUCTING_SUPPLIER_BUILD_HISTORY	GUI_MULTI_CONSUMER;OBJECT_REQUIREMENT_CONFLICT	generic-root-review:59aa2f063b98cf767441;generic-artifact:e672a721d7a949048cab;generic-object-review:fc085dca914b298d1356;generic-artifact-member-comparison-artifacts.tsv;generic-recipe-binding-and-drift-target-receipt-review.tsv;libjpeg-so-62-provider-candidate-disposition.tsv;LIBJPEG-OJ-001-DISP-001;libjpeg-so-62-compatibility-provider-candidate-result-review.tsv;LIBJPEG-OJ-001-CAND-001;libjpeg-so-62-runpath-free-compatibility-provider-candidate-result-review.tsv;LIBJPEG-OJ-001-CAND-002;libjpeg-so-62-gdkpixbuf-consumer-binding-result-review.tsv;LIBJPEG-OJ-001-CONSUMER-001;libjpeg-so-62-gdkpixbuf-diagnostic-matrix-result-review.tsv;LIBJPEG-OJ-001-DIAGNOSTIC-001;libjpeg-so-62-loader-isolated-provider-authority.tsv;LIBJPEG-PROV-001	NONE_FOR_RUNPATH_FREE_EXACT_COMPATIBILITY_CANDIDATE_IDENTITY	RETAIN_EXACT_SOURCE_BUILD_MEMBER_DIGEST_SONAME_DYNAMIC_TAG_AND_SYMBOL_VERSION_COORDINATES	CUSTODIAN_BUILD_INVOCATION;FULL_BUILD_ENVIRONMENT;INDEPENDENT_REPRODUCTION	ARTIFACT_DIGEST_MISMATCH;MEMBER_OR_SONAME_MISMATCH;SUPPLIER_OPACITY_AFFECTING_THE_EXACT_IDENTITY_CLAIM	RUNPATH_FREE_COMPATIBILITY_CANDIDATE_IDENTITY_ACCEPTED	CANDIDATE_IDENTITY_ONLY_NO_PROVIDER_OR_TARGET_EFFECT	EXACT_ARTIFACT_IDENTITY_DOES_NOT_IMPLY_ADAPTATION_ACCEPTANCE_PROVIDER_AUTHORITY_OR_TARGET_MEMBERSHIP
PCC-LIBJPEG-TURBO-ADAPTATION	ROOT	generic-root-review:59aa2f063b98cf767441	gpkg/libjpeg-turbo	ADAPTATION_SEMANTICS	REFERENCE_RECIPE_EQUIVALENCE_OR_BOUNDED_TERMUX_ANDROID_ADAPTATION	B	PINNED_TERMUX_GLIBC_RECIPE_TREE_AND_PINNED_UPSTREAM_SOURCE	PROJECT_SELECTED_V6B_ABI_MODE_SHARED_ONLY_BUILD_AND_RPATH_SUPPRESSION_FOR_EXACT_SONAME_62_COMPATIBILITY_PROVIDER	GUI_MULTI_CONSUMER;OBJECT_REQUIREMENT_CONFLICT	generic-root-review:59aa2f063b98cf767441;recipe_tree=cb58a7c1d7f4a1f89d036e4c80da596c0c61234c;tokens=EXTRA_CONFIGURE_ARGS;SUBPACKAGE_SCRIPT;generic-recipe-binding-and-drift-target-receipt-review.tsv;generic-build-attestation-adaptation-root-evidence-receipt-review.tsv;libjpeg-so-62-provider-candidate-disposition.tsv;LIBJPEG-OJ-001-DISP-001;libjpeg-so-62-compatibility-provider-candidate-result-review.tsv;LIBJPEG-OJ-001-CAND-001;libjpeg-so-62-runpath-free-compatibility-provider-candidate-result-review.tsv;LIBJPEG-OJ-001-CAND-002;libjpeg-so-62-gdkpixbuf-consumer-binding-result-review.tsv;LIBJPEG-OJ-001-CONSUMER-001;libjpeg-so-62-gdkpixbuf-diagnostic-matrix-result-review.tsv;LIBJPEG-OJ-001-DIAGNOSTIC-001;libjpeg-so-62-loader-isolated-provider-authority.tsv;LIBJPEG-PROV-001	NONE_FOR_BOUNDED_PROJECT_PRODUCED_V6B_ADAPTATION_AND_FUNCTIONAL_EQUIVALENCE	RETAIN_EXACT_PRODUCING_AND_LOADER_ISOLATED_FUNCTIONAL_EVIDENCE	SUP-02_CUSTODIAN_EXPORT_UNLESS_RECLASSIFICATION_OR_ESCALATION_TRIGGER_REQUIRES_CLASS_C_DEPTH	SEMANTIC_REVIEW_CANNOT_BOUND_GENERATED_OUTPUT;OBSERVED_ARTIFACT_BEHAVIOR_CONFLICTS_WITH_RECIPE;CLAIM_RECLASSIFIED_AS_INDEPENDENT_REPRODUCTION;HIGH_RISK_OUTPUT_REMAINS_OPAQUE	CLASS_C_PRODUCING_RECORD_AND_BOUNDED_FUNCTIONAL_EQUIVALENCE_ACCEPTED	REVIEW_PLAN_ONLY_NO_ADAPTATION_OR_PROVIDER_ACCEPTANCE	RECIPE_TOKEN_PRESENCE_OR_ABSENCE_DOES_NOT_BY_ITSELF_ESTABLISH_PLATFORM_NECESSITY_OR_EQUIVALENCE
PCC-LIBJPEG-TURBO-PROVIDER	ROOT	generic-root-review:59aa2f063b98cf767441	gpkg/libjpeg-turbo	PROVIDER_AUTHORITY	PACKAGE_MEMBERS_AUTHORIZED_AS_RUNTIME_PROVIDER_FOR_THEIR_CAPABILITY_SCOPE	B	AUTHORITATIVE_PACKAGE_MEMBERS_FOR_CAPABILITY_PARTITIONS=gtk-gui	PROJECT_SELECTION_AND_INTEGRATION_OF_REFERENCE_MEMBERS_IN_A_CUSTOM_MIXED_WORLD_APPLICATION_RUNTIME	GUI_MULTI_CONSUMER;OBJECT_REQUIREMENT_CONFLICT	generic-root-review:59aa2f063b98cf767441;generic-artifact:e672a721d7a949048cab;generic-object-review:fc085dca914b298d1356;generic-artifact-member-comparison-artifacts.tsv;generic-recipe-binding-and-drift-target-receipt-review.tsv;libjpeg-so-62-provider-candidate-disposition.tsv;LIBJPEG-OJ-001-DISP-001;libjpeg-so-62-compatibility-provider-candidate-result-review.tsv;LIBJPEG-OJ-001-CAND-001;libjpeg-so-62-runpath-free-compatibility-provider-candidate-result-review.tsv;LIBJPEG-OJ-001-CAND-002;libjpeg-so-62-gdkpixbuf-consumer-binding-result-review.tsv;LIBJPEG-OJ-001-CONSUMER-001;libjpeg-so-62-gdkpixbuf-diagnostic-matrix-result-review.tsv;LIBJPEG-OJ-001-DIAGNOSTIC-001;libjpeg-so-62-loader-isolated-provider-authority.tsv;LIBJPEG-PROV-001;authority-coverage-ledger.tsv;generic-source-authority-boundary.tsv;selected-object-authority-base.tsv;libjpeg-so-62-loader-isolated-provider-authority.tsv;LIBJPEG-PROV-001	NONE_FOR_BOUNDED_GDKPIXBUF_JPEG_PROVIDER_AUTHORITY	RETAIN_BOUNDED_PROVIDER_AUTHORITY_AND_REVALIDATE_ON_RECORDED_UPDATE_OR_ROLLBACK_TRIGGER	SUPPLIER_BUILD_PROVENANCE_AS_A_SUBSTITUTE_FOR_PROVIDER_SELECTION_OR_RUNTIME_BINDING	AMBIGUOUS_CONSUMER_BINDING;ABI_OR_SECURITY_CONFLICT;MULTIPLE_NON_EQUIVALENT_PROVIDER_CANDIDATES;NO_OBSERVABLE_FALLBACK;ARTIFACT_MEMBER_RECIPE_OR_CONSUMER_BINDING_CHANGE	BOUNDED_PROVIDER_AUTHORITY_ACCEPTED	EXACT_PROJECT_BUILT_LIBJPEG_SO_62_PROVIDER_AUTHORITY_ACCEPTED_FOR_SELECTED_GDKPIXBUF_2_42_12_FILE_AND_MEMORY_JPEG_DECODE_ONLY_NO_COMPOSITION_TARGET_OR_ACTIVATION_EFFECT	DOES_NOT_ACCEPT_LIBJPEG_SO_8_ALIAS_ORACLE_BYTES_AS_TARGET_COMPLETE_IMAGE_CODEC_OR_GTK_COMPOSITION_TARGET_POPULATION_MATERIALIZATION_DEPLOYMENT_OR_ACTIVATION
PCC-LIBNETTLE-ARTIFACT	ROOT	generic-root-review:f358ae77e439240484e8	gpkg/libnettle	ARTIFACT_IDENTITY	EXACT_REFERENCE_ARTIFACT_AND_NAMED_MEMBER_CANDIDATE_IDENTITY	A	AUTHORITATIVE_TERMUX_GLIBC_PACKAGE_REPOSITORY_ARTIFACT	ACQUIRE_RETAIN_HASH_AND_BIND_NAMED_MEMBERS_WITHOUT_RECONSTRUCTING_SUPPLIER_BUILD_HISTORY	CONFIGURATION_OR_PACKAGING_DELTA;MULTI_OBJECT_ROOT;SERVICE_TLS_OR_NETWORK_INTEGRATION	generic-root-review:f358ae77e439240484e8;generic-artifact:8583729139206b5b11da;generic-object-review:e833aa37b08d3afa5a5c;generic-object-review:f2e71ab7c45982edc26d;generic-artifact-member-comparison-artifacts.tsv;generic-recipe-binding-and-drift-target-receipt-review.tsv	NONE_FOR_EXACT_CANDIDATE_ARTIFACT_AND_NAMED_MEMBER_IDENTITY	NONE_RETAIN_EXACT_ARTIFACT_AND_MEMBER_DIGESTS_AT_TRANSFER	CUSTODIAN_BUILD_INVOCATION;FULL_BUILD_ENVIRONMENT;INDEPENDENT_REPRODUCTION	ARTIFACT_DIGEST_MISMATCH;MEMBER_OR_SONAME_MISMATCH;SUPPLIER_OPACITY_AFFECTING_THE_EXACT_IDENTITY_CLAIM	EVIDENCE_SUFFICIENT_FOR_CANDIDATE_IDENTITY_ONLY	CANDIDATE_IDENTITY_ONLY_NO_PROVIDER_OR_TARGET_EFFECT	EXACT_ARTIFACT_IDENTITY_DOES_NOT_IMPLY_ADAPTATION_ACCEPTANCE_PROVIDER_AUTHORITY_OR_TARGET_MEMBERSHIP
PCC-LIBNETTLE-ADAPTATION	ROOT	generic-root-review:f358ae77e439240484e8	gpkg/libnettle	ADAPTATION_SEMANTICS	REFERENCE_RECIPE_EQUIVALENCE_OR_BOUNDED_TERMUX_ANDROID_ADAPTATION	B	PINNED_TERMUX_GLIBC_RECIPE_TREE_AND_PINNED_UPSTREAM_SOURCE	EXACT_RECIPE_PATCH_HOOK_CONFIGURATION_AND_PACKAGING_DELTAS_RELIED_ON_BY_THE_PROJECT	CONFIGURATION_OR_PACKAGING_DELTA;MULTI_OBJECT_ROOT;SERVICE_TLS_OR_NETWORK_INTEGRATION	generic-root-review:f358ae77e439240484e8;recipe_tree=123402f8505f9f9af168f50f1d32f026f12be5f0;tokens=SUBPACKAGE_SCRIPT;generic-recipe-binding-and-drift-target-receipt-review.tsv;generic-build-attestation-adaptation-root-evidence-receipt-review.tsv	AD-001_AD-002_AD-003_AD-004_SEMANTIC_DELTA_NECESSITY_AND_OBJECT_IMPACT_REVIEW	AGENT_SEMANTIC_DELTA_REVIEW_WITH_OBJECT_IMPACT_AND_PLATFORM_NECESSITY_CLASSIFICATION	SUP-02_CUSTODIAN_EXPORT_UNLESS_RECLASSIFICATION_OR_ESCALATION_TRIGGER_REQUIRES_CLASS_C_DEPTH	SEMANTIC_REVIEW_CANNOT_BOUND_GENERATED_OUTPUT;OBSERVED_ARTIFACT_BEHAVIOR_CONFLICTS_WITH_RECIPE;CLAIM_RECLASSIFIED_AS_INDEPENDENT_REPRODUCTION;HIGH_RISK_OUTPUT_REMAINS_OPAQUE	CLASSIFIED_OPEN_REVIEW_REQUIRED	REVIEW_PLAN_ONLY_NO_ADAPTATION_OR_PROVIDER_ACCEPTANCE	RECIPE_TOKEN_PRESENCE_OR_ABSENCE_DOES_NOT_BY_ITSELF_ESTABLISH_PLATFORM_NECESSITY_OR_EQUIVALENCE
PCC-LIBNETTLE-PROVIDER	ROOT	generic-root-review:f358ae77e439240484e8	gpkg/libnettle	PROVIDER_AUTHORITY	PACKAGE_MEMBERS_AUTHORIZED_AS_RUNTIME_PROVIDER_FOR_THEIR_CAPABILITY_SCOPE	B	AUTHORITATIVE_PACKAGE_MEMBERS_FOR_CAPABILITY_PARTITIONS=printing	PROJECT_SELECTION_AND_INTEGRATION_OF_REFERENCE_MEMBERS_IN_A_CUSTOM_MIXED_WORLD_APPLICATION_RUNTIME	CONFIGURATION_OR_PACKAGING_DELTA;MULTI_OBJECT_ROOT;SERVICE_TLS_OR_NETWORK_INTEGRATION	generic-root-review:f358ae77e439240484e8;generic-artifact:8583729139206b5b11da;generic-object-review:e833aa37b08d3afa5a5c;generic-object-review:f2e71ab7c45982edc26d;generic-artifact-member-comparison-artifacts.tsv;generic-recipe-binding-and-drift-target-receipt-review.tsv;authority-coverage-ledger.tsv;generic-source-authority-boundary.tsv;selected-object-authority-base.tsv	ADAPTATION_CLASSIFICATION;CAPABILITY_NECESSITY_AND_CONSUMER_BINDING;CONFLICT_AND_EXCLUSION_REVIEW;UPDATE_AND_ROLLBACK_BOUNDARY	CAPABILITY_LEVEL_PROVIDER_REVIEW_AFTER_ADAPTATION_CLASSIFICATION_WITH_TARGETED_PASSIVE_CONSUMER_BINDING_ONLY_WHERE_AMBIGUOUS	SUPPLIER_BUILD_PROVENANCE_AS_A_SUBSTITUTE_FOR_PROVIDER_SELECTION_OR_RUNTIME_BINDING	AMBIGUOUS_CONSUMER_BINDING;ABI_OR_SECURITY_CONFLICT;MULTIPLE_NON_EQUIVALENT_PROVIDER_CANDIDATES;NO_OBSERVABLE_FALLBACK;ARTIFACT_MEMBER_RECIPE_OR_CONSUMER_BINDING_CHANGE	CLASSIFIED_OPEN_PROVIDER_AUTHORITY_NOT_ACCEPTED	NO_PROVIDER_COMPOSITION_TARGET_OR_ACTIVATION_EFFECT	PACKAGE_MEMBER_AND_RECIPE_EVIDENCE_DO_NOT_IMPLY_PROVIDER_AUTHORITY_OR_COMPLETE_RUNTIME_COMPOSITION
PCC-LIBPNG-ARTIFACT	ROOT	generic-root-review:146b55949f1c16bde2a2	gpkg/libpng	ARTIFACT_IDENTITY	EXACT_REFERENCE_ARTIFACT_AND_NAMED_MEMBER_CANDIDATE_IDENTITY	A	AUTHORITATIVE_TERMUX_GLIBC_PACKAGE_REPOSITORY_ARTIFACT	ACQUIRE_RETAIN_HASH_AND_BIND_NAMED_MEMBERS_WITHOUT_RECONSTRUCTING_SUPPLIER_BUILD_HISTORY	CONCRETE_FILENAME_DRIFT;GUI_MULTI_CONSUMER;MATERIAL_RECIPE_DELTA	generic-root-review:146b55949f1c16bde2a2;generic-artifact:b2835404d3b0f54b75eb;generic-object-review:4fb85bf5b3875d51f2b8;generic-artifact-member-comparison-artifacts.tsv;generic-recipe-binding-and-drift-target-receipt-review.tsv	NONE_FOR_EXACT_CANDIDATE_ARTIFACT_AND_NAMED_MEMBER_IDENTITY	NONE_RETAIN_EXACT_ARTIFACT_AND_MEMBER_DIGESTS_AT_TRANSFER	CUSTODIAN_BUILD_INVOCATION;FULL_BUILD_ENVIRONMENT;INDEPENDENT_REPRODUCTION	ARTIFACT_DIGEST_MISMATCH;MEMBER_OR_SONAME_MISMATCH;SUPPLIER_OPACITY_AFFECTING_THE_EXACT_IDENTITY_CLAIM	EVIDENCE_SUFFICIENT_FOR_CANDIDATE_IDENTITY_ONLY	CANDIDATE_IDENTITY_ONLY_NO_PROVIDER_OR_TARGET_EFFECT	EXACT_ARTIFACT_IDENTITY_DOES_NOT_IMPLY_ADAPTATION_ACCEPTANCE_PROVIDER_AUTHORITY_OR_TARGET_MEMBERSHIP
PCC-LIBPNG-ADAPTATION	ROOT	generic-root-review:146b55949f1c16bde2a2	gpkg/libpng	ADAPTATION_SEMANTICS	REFERENCE_RECIPE_EQUIVALENCE_OR_BOUNDED_TERMUX_ANDROID_ADAPTATION	B	PINNED_TERMUX_GLIBC_RECIPE_TREE_AND_PINNED_UPSTREAM_SOURCE	POST_INSTALL_PNG2PNM_AND_PNM2PNG_UTILITY_BUILD_ONLY;SHARED_LIBPNG_MEMBER_USES_UPSTREAM_1_6_47_BUILD_WITH_GENERIC_TERMUX_GLIBC_FRAMEWORK	CONCRETE_FILENAME_DRIFT;GUI_MULTI_CONSUMER;MATERIAL_RECIPE_DELTA	generic-root-review:146b55949f1c16bde2a2;recipe_tree=c28b21ff2f072e880bce82fe81e4022b88945c22;tokens=CUSTOM_TERMUX_STEP;TERMUX_PREFIX_REFERENCE;generic-recipe-binding-and-drift-target-receipt-review.tsv;generic-build-attestation-adaptation-root-evidence-receipt-review.tsv;gdkpixbuf-reference-dependency-provider-authority.tsv;GDKPIXBUF-REF-PROV-LIBPNG-001	NONE_FOR_BOUNDED_SHARED_LIBRARY_SEMANTICS;PNG_UTILITY_BINARIES_EXCLUDED	RETAIN_EXACT_RECIPE_ARTIFACT_MEMBER_AND_GDKPIXBUF_PNG_FUNCTIONAL_MAP_EVIDENCE	SUP-02_CUSTODIAN_EXPORT_UNLESS_RECLASSIFICATION_OR_ESCALATION_TRIGGER_REQUIRES_CLASS_C_DEPTH	SEMANTIC_REVIEW_CANNOT_BOUND_GENERATED_OUTPUT;OBSERVED_ARTIFACT_BEHAVIOR_CONFLICTS_WITH_RECIPE;CLAIM_RECLASSIFIED_AS_INDEPENDENT_REPRODUCTION;HIGH_RISK_OUTPUT_REMAINS_OPAQUE	CLASS_B_PACKAGING_ONLY_UTILITY_ADDITION_LIBRARY_SEMANTICS_REFERENCE_CONSUMED	ADAPTATION_CLASSIFICATION_ACCEPTED_NO_COMPOSITION_TARGET_OR_ACTIVATION_EFFECT	RECIPE_TOKEN_PRESENCE_OR_ABSENCE_DOES_NOT_BY_ITSELF_ESTABLISH_PLATFORM_NECESSITY_OR_EQUIVALENCE
PCC-LIBPNG-PROVIDER	ROOT	generic-root-review:146b55949f1c16bde2a2	gpkg/libpng	PROVIDER_AUTHORITY	PACKAGE_MEMBERS_AUTHORIZED_AS_RUNTIME_PROVIDER_FOR_THEIR_CAPABILITY_SCOPE	B	AUTHORITATIVE_PACKAGE_MEMBERS_FOR_CAPABILITY_PARTITIONS=gtk-gui	PROJECT_SELECTION_AND_INTEGRATION_OF_REFERENCE_MEMBERS_IN_A_CUSTOM_MIXED_WORLD_APPLICATION_RUNTIME	CONCRETE_FILENAME_DRIFT;GUI_MULTI_CONSUMER;MATERIAL_RECIPE_DELTA	generic-root-review:146b55949f1c16bde2a2;generic-artifact:b2835404d3b0f54b75eb;generic-object-review:4fb85bf5b3875d51f2b8;generic-artifact-member-comparison-artifacts.tsv;generic-recipe-binding-and-drift-target-receipt-review.tsv;authority-coverage-ledger.tsv;generic-source-authority-boundary.tsv;selected-object-authority-base.tsv;gdkpixbuf-reference-dependency-provider-authority.tsv;GDKPIXBUF-REF-PROV-LIBPNG-001	NONE_FOR_BOUNDED_GDKPIXBUF_PNG_PROVIDER_AUTHORITY	RETAIN_BOUNDED_PROVIDER_AUTHORITY_AND_REVALIDATE_ON_RECORDED_UPDATE_OR_ROLLBACK_TRIGGER	SUPPLIER_BUILD_PROVENANCE_AS_A_SUBSTITUTE_FOR_PROVIDER_SELECTION_OR_RUNTIME_BINDING	AMBIGUOUS_CONSUMER_BINDING;ABI_OR_SECURITY_CONFLICT;MULTIPLE_NON_EQUIVALENT_PROVIDER_CANDIDATES;NO_OBSERVABLE_FALLBACK;ARTIFACT_MEMBER_RECIPE_OR_CONSUMER_BINDING_CHANGE	BOUNDED_PROVIDER_AUTHORITY_ACCEPTED	EXACT_LIBPNG16_PROVIDER_ACCEPTED_FOR_GDKPIXBUF_2_42_12_PNG_FILE_AND_MEMORY_DECODE_ONLY_NO_COMPOSITION_TARGET_OR_ACTIVATION_EFFECT	DOES_NOT_ACCEPT_PNG_UTILITY_BINARIES_UNVERSIONED_DEVELOPMENT_ALIAS_COMPLETE_IMAGE_OR_GTK_COMPOSITION_TARGET_POPULATION_MATERIALIZATION_OR_ACTIVATION
PCC-LIBSQLITE-ARTIFACT	ROOT	generic-root-review:68be7e5a4186aff4fd0d	gpkg/libsqlite	ARTIFACT_IDENTITY	EXACT_REFERENCE_ARTIFACT_AND_NAMED_MEMBER_CANDIDATE_IDENTITY	A	AUTHORITATIVE_TERMUX_GLIBC_PACKAGE_REPOSITORY_ARTIFACT	ACQUIRE_RETAIN_HASH_AND_BIND_NAMED_MEMBERS_WITHOUT_RECONSTRUCTING_SUPPLIER_BUILD_HISTORY	CONCRETE_FILENAME_DRIFT;MATERIAL_RECIPE_DELTA;SECURITY_OR_DATA_INTEGRITY	generic-root-review:68be7e5a4186aff4fd0d;generic-artifact:d377605da9efe94727a1;generic-object-review:cab2fdee3ac4e25f1141;generic-artifact-member-comparison-artifacts.tsv;generic-recipe-binding-and-drift-target-receipt-review.tsv	NONE_FOR_EXACT_CANDIDATE_ARTIFACT_AND_NAMED_MEMBER_IDENTITY	NONE_RETAIN_EXACT_ARTIFACT_AND_MEMBER_DIGESTS_AT_TRANSFER	CUSTODIAN_BUILD_INVOCATION;FULL_BUILD_ENVIRONMENT;INDEPENDENT_REPRODUCTION	ARTIFACT_DIGEST_MISMATCH;MEMBER_OR_SONAME_MISMATCH;SUPPLIER_OPACITY_AFFECTING_THE_EXACT_IDENTITY_CLAIM	EVIDENCE_SUFFICIENT_FOR_CANDIDATE_IDENTITY_ONLY	CANDIDATE_IDENTITY_ONLY_NO_PROVIDER_OR_TARGET_EFFECT	EXACT_ARTIFACT_IDENTITY_DOES_NOT_IMPLY_ADAPTATION_ACCEPTANCE_PROVIDER_AUTHORITY_OR_TARGET_MEMBERSHIP
PCC-LIBSQLITE-ADAPTATION	ROOT	generic-root-review:68be7e5a4186aff4fd0d	gpkg/libsqlite	ADAPTATION_SEMANTICS	REFERENCE_RECIPE_EQUIVALENCE_OR_BOUNDED_TERMUX_ANDROID_ADAPTATION	B	PINNED_TERMUX_GLIBC_RECIPE_TREE_AND_PINNED_UPSTREAM_SOURCE	EXACT_RECIPE_PATCH_HOOK_CONFIGURATION_AND_PACKAGING_DELTAS_RELIED_ON_BY_THE_PROJECT	CONCRETE_FILENAME_DRIFT;MATERIAL_RECIPE_DELTA;SECURITY_OR_DATA_INTEGRITY	generic-root-review:68be7e5a4186aff4fd0d;recipe_tree=f40cf35fe65fe08cdcc5dc69d36e19c5bbcca408;tokens=BUILD_IN_SRC;CUSTOM_TERMUX_STEP;PATCH_FILE;SUBPACKAGE_SCRIPT;TERMUX_PREFIX_REFERENCE;generic-recipe-binding-and-drift-target-receipt-review.tsv;generic-build-attestation-adaptation-root-evidence-receipt-review.tsv	AD-001_AD-002_AD-003_AD-004_SEMANTIC_DELTA_NECESSITY_AND_OBJECT_IMPACT_REVIEW;CF-001_CF-002_CF-003_CF-004_ALIAS_SUCCESSOR_AND_ROLLBACK_POLICY	AGENT_SEMANTIC_DELTA_REVIEW_WITH_OBJECT_IMPACT_AND_PLATFORM_NECESSITY_CLASSIFICATION;REVIEW_CONSUMER_ALIAS_BINDING_AND_VERSION_DRIFT_POLICY	SUP-02_CUSTODIAN_EXPORT_UNLESS_RECLASSIFICATION_OR_ESCALATION_TRIGGER_REQUIRES_CLASS_C_DEPTH	SEMANTIC_REVIEW_CANNOT_BOUND_GENERATED_OUTPUT;OBSERVED_ARTIFACT_BEHAVIOR_CONFLICTS_WITH_RECIPE;CLAIM_RECLASSIFIED_AS_INDEPENDENT_REPRODUCTION;HIGH_RISK_OUTPUT_REMAINS_OPAQUE	CLASSIFIED_OPEN_REVIEW_REQUIRED	REVIEW_PLAN_ONLY_NO_ADAPTATION_OR_PROVIDER_ACCEPTANCE	RECIPE_TOKEN_PRESENCE_OR_ABSENCE_DOES_NOT_BY_ITSELF_ESTABLISH_PLATFORM_NECESSITY_OR_EQUIVALENCE
PCC-LIBSQLITE-PROVIDER	ROOT	generic-root-review:68be7e5a4186aff4fd0d	gpkg/libsqlite	PROVIDER_AUTHORITY	PACKAGE_MEMBERS_AUTHORIZED_AS_RUNTIME_PROVIDER_FOR_THEIR_CAPABILITY_SCOPE	B	AUTHORITATIVE_PACKAGE_MEMBERS_FOR_CAPABILITY_PARTITIONS=security	PROJECT_SELECTION_AND_INTEGRATION_OF_REFERENCE_MEMBERS_IN_A_CUSTOM_MIXED_WORLD_APPLICATION_RUNTIME	CONCRETE_FILENAME_DRIFT;MATERIAL_RECIPE_DELTA;SECURITY_OR_DATA_INTEGRITY	generic-root-review:68be7e5a4186aff4fd0d;generic-artifact:d377605da9efe94727a1;generic-object-review:cab2fdee3ac4e25f1141;generic-artifact-member-comparison-artifacts.tsv;generic-recipe-binding-and-drift-target-receipt-review.tsv;authority-coverage-ledger.tsv;generic-source-authority-boundary.tsv;selected-object-authority-base.tsv	ADAPTATION_CLASSIFICATION;CAPABILITY_NECESSITY_AND_CONSUMER_BINDING;CONFLICT_AND_EXCLUSION_REVIEW;UPDATE_AND_ROLLBACK_BOUNDARY	CAPABILITY_LEVEL_PROVIDER_REVIEW_AFTER_ADAPTATION_CLASSIFICATION_WITH_TARGETED_PASSIVE_CONSUMER_BINDING_ONLY_WHERE_AMBIGUOUS	SUPPLIER_BUILD_PROVENANCE_AS_A_SUBSTITUTE_FOR_PROVIDER_SELECTION_OR_RUNTIME_BINDING	AMBIGUOUS_CONSUMER_BINDING;ABI_OR_SECURITY_CONFLICT;MULTIPLE_NON_EQUIVALENT_PROVIDER_CANDIDATES;NO_OBSERVABLE_FALLBACK;ARTIFACT_MEMBER_RECIPE_OR_CONSUMER_BINDING_CHANGE	CLASSIFIED_OPEN_PROVIDER_AUTHORITY_NOT_ACCEPTED	NO_PROVIDER_COMPOSITION_TARGET_OR_ACTIVATION_EFFECT	PACKAGE_MEMBER_AND_RECIPE_EVIDENCE_DO_NOT_IMPLY_PROVIDER_AUTHORITY_OR_COMPLETE_RUNTIME_COMPOSITION
PCC-LIBTASN1-ARTIFACT	ROOT	generic-root-review:ad4e1b984c7087426ee9	gpkg/libtasn1	ARTIFACT_IDENTITY	EXACT_REFERENCE_ARTIFACT_AND_NAMED_MEMBER_CANDIDATE_IDENTITY	A	AUTHORITATIVE_TERMUX_GLIBC_PACKAGE_REPOSITORY_ARTIFACT	ACQUIRE_RETAIN_HASH_AND_BIND_NAMED_MEMBERS_WITHOUT_RECONSTRUCTING_SUPPLIER_BUILD_HISTORY	NO_EXPLICIT_DELTA_TOKEN;SERVICE_TLS_OR_NETWORK_INTEGRATION	generic-root-review:ad4e1b984c7087426ee9;generic-artifact:51ed5e4d2e3fcd5ed966;generic-object-review:069310d28c63e1a63e78;generic-artifact-member-comparison-artifacts.tsv;generic-recipe-binding-and-drift-target-receipt-review.tsv	NONE_FOR_EXACT_CANDIDATE_ARTIFACT_AND_NAMED_MEMBER_IDENTITY	NONE_RETAIN_EXACT_ARTIFACT_AND_MEMBER_DIGESTS_AT_TRANSFER	CUSTODIAN_BUILD_INVOCATION;FULL_BUILD_ENVIRONMENT;INDEPENDENT_REPRODUCTION	ARTIFACT_DIGEST_MISMATCH;MEMBER_OR_SONAME_MISMATCH;SUPPLIER_OPACITY_AFFECTING_THE_EXACT_IDENTITY_CLAIM	EVIDENCE_SUFFICIENT_FOR_CANDIDATE_IDENTITY_ONLY	CANDIDATE_IDENTITY_ONLY_NO_PROVIDER_OR_TARGET_EFFECT	EXACT_ARTIFACT_IDENTITY_DOES_NOT_IMPLY_ADAPTATION_ACCEPTANCE_PROVIDER_AUTHORITY_OR_TARGET_MEMBERSHIP
PCC-LIBTASN1-ADAPTATION	ROOT	generic-root-review:ad4e1b984c7087426ee9	gpkg/libtasn1	ADAPTATION_SEMANTICS	REFERENCE_RECIPE_EQUIVALENCE_OR_BOUNDED_TERMUX_ANDROID_ADAPTATION	A	PINNED_TERMUX_GLIBC_RECIPE_TREE_AND_PINNED_UPSTREAM_SOURCE	PACKAGE_SOURCE_PIN_AND_RUNTIME_DEPENDENCY_METADATA_ONLY;NO_PACKAGE_SPECIFIC_SOURCE_OR_BUILD_SEMANTIC_CHANGE	NO_EXPLICIT_DELTA_TOKEN;SERVICE_TLS_OR_NETWORK_INTEGRATION	generic-root-review:ad4e1b984c7087426ee9;recipe_tree=3601f2ed3c9fd4d03c20c0d854d7b3aa05628482;tokens=NONE_DECLARED;generic-recipe-binding-and-drift-target-receipt-review.tsv;generic-build-attestation-adaptation-root-evidence-receipt-review.tsv;no-token-recipe-semantic-review.tsv;NTR-002	NONE_FOR_PACKAGE_SPECIFIC_RECIPE_ADAPTATION_CLASSIFICATION	PROCEED_TO_BOUNDED_PROVIDER_AUTHORITY_REVIEW_WITHOUT_SUPPLIER_BUILD_RECONSTRUCTION	SUP-02_CUSTODIAN_EXPORT_UNLESS_RECLASSIFICATION_OR_ESCALATION_TRIGGER_REQUIRES_CLASS_C_DEPTH	SEMANTIC_REVIEW_CANNOT_BOUND_GENERATED_OUTPUT;OBSERVED_ARTIFACT_BEHAVIOR_CONFLICTS_WITH_RECIPE;CLAIM_RECLASSIFIED_AS_INDEPENDENT_REPRODUCTION;HIGH_RISK_OUTPUT_REMAINS_OPAQUE	CLASS_A_CONFIRMED_RECIPE_SEMANTIC_REVIEW_COMPLETE	ADAPTATION_CLASSIFICATION_ONLY_NO_PROVIDER_COMPOSITION_TARGET_OR_ACTIVATION_EFFECT	RECIPE_TOKEN_PRESENCE_OR_ABSENCE_DOES_NOT_BY_ITSELF_ESTABLISH_PLATFORM_NECESSITY_OR_EQUIVALENCE
PCC-LIBTASN1-PROVIDER	ROOT	generic-root-review:ad4e1b984c7087426ee9	gpkg/libtasn1	PROVIDER_AUTHORITY	PACKAGE_MEMBERS_AUTHORIZED_AS_RUNTIME_PROVIDER_FOR_THEIR_CAPABILITY_SCOPE	B	AUTHORITATIVE_PACKAGE_MEMBERS_FOR_CAPABILITY_PARTITIONS=printing	PROJECT_SELECTION_AND_INTEGRATION_OF_REFERENCE_MEMBERS_IN_A_CUSTOM_MIXED_WORLD_APPLICATION_RUNTIME	NO_EXPLICIT_DELTA_TOKEN;SERVICE_TLS_OR_NETWORK_INTEGRATION	generic-root-review:ad4e1b984c7087426ee9;generic-artifact:51ed5e4d2e3fcd5ed966;generic-object-review:069310d28c63e1a63e78;generic-artifact-member-comparison-artifacts.tsv;generic-recipe-binding-and-drift-target-receipt-review.tsv;authority-coverage-ledger.tsv;generic-source-authority-boundary.tsv;selected-object-authority-base.tsv;libtasn1-reference-consumed-provider-authority.tsv;LIBTASN1-PROV-001	NONE_FOR_BOUNDED_PROVIDER_AUTHORITY	RETAIN_BOUNDED_PROVIDER_AUTHORITY_AND_REVALIDATE_ON_RECORDED_UPDATE_OR_ROLLBACK_TRIGGER	SUPPLIER_BUILD_PROVENANCE_AS_A_SUBSTITUTE_FOR_PROVIDER_SELECTION_OR_RUNTIME_BINDING	AMBIGUOUS_CONSUMER_BINDING;ABI_OR_SECURITY_CONFLICT;MULTIPLE_NON_EQUIVALENT_PROVIDER_CANDIDATES;NO_OBSERVABLE_FALLBACK;ARTIFACT_MEMBER_RECIPE_OR_CONSUMER_BINDING_CHANGE	BOUNDED_PROVIDER_AUTHORITY_ACCEPTED	EXACT_LIBTASN1_PROVIDER_AUTHORITY_ACCEPTED_FOR_SELECTED_EXTERNAL_GNUTLS_3_8_9_ASN1_SECURITY_SCOPE_NO_COMPOSITION_TARGET_OR_ACTIVATION_EFFECT	DOES_NOT_ACCEPT_LIBGNUTLS_ADAPTATION_OR_PROVIDER_AUTHORITY_COMPLETE_SECURITY_COMPOSITION_TARGET_POPULATION_MATERIALIZATION_OR_ACTIVATION
PCC-LIBTHAI-ARTIFACT	ROOT	generic-root-review:88cec59d1ec77cd9f7bd	gpkg/libthai	ARTIFACT_IDENTITY	EXACT_REFERENCE_ARTIFACT_AND_NAMED_MEMBER_CANDIDATE_IDENTITY	A	AUTHORITATIVE_TERMUX_GLIBC_PACKAGE_REPOSITORY_ARTIFACT	ACQUIRE_RETAIN_HASH_AND_BIND_NAMED_MEMBERS_WITHOUT_RECONSTRUCTING_SUPPLIER_BUILD_HISTORY	CONFIGURATION_OR_PACKAGING_DELTA;GUI_MULTI_CONSUMER	generic-root-review:88cec59d1ec77cd9f7bd;generic-artifact:5aa1d090525e71302abf;generic-object-review:d3da4cccc7de5661836d;generic-artifact-member-comparison-artifacts.tsv;generic-recipe-binding-and-drift-target-receipt-review.tsv	NONE_FOR_EXACT_CANDIDATE_ARTIFACT_AND_NAMED_MEMBER_IDENTITY	NONE_RETAIN_EXACT_ARTIFACT_AND_MEMBER_DIGESTS_AT_TRANSFER	CUSTODIAN_BUILD_INVOCATION;FULL_BUILD_ENVIRONMENT;INDEPENDENT_REPRODUCTION	ARTIFACT_DIGEST_MISMATCH;MEMBER_OR_SONAME_MISMATCH;SUPPLIER_OPACITY_AFFECTING_THE_EXACT_IDENTITY_CLAIM	EVIDENCE_SUFFICIENT_FOR_CANDIDATE_IDENTITY_ONLY	CANDIDATE_IDENTITY_ONLY_NO_PROVIDER_OR_TARGET_EFFECT	EXACT_ARTIFACT_IDENTITY_DOES_NOT_IMPLY_ADAPTATION_ACCEPTANCE_PROVIDER_AUTHORITY_OR_TARGET_MEMBERSHIP
PCC-LIBTHAI-ADAPTATION	ROOT	generic-root-review:88cec59d1ec77cd9f7bd	gpkg/libthai	ADAPTATION_SEMANTICS	REFERENCE_RECIPE_EQUIVALENCE_OR_BOUNDED_TERMUX_ANDROID_ADAPTATION	B	PINNED_TERMUX_GLIBC_RECIPE_TREE_AND_PINNED_UPSTREAM_SOURCE	EXACT_RECIPE_PATCH_HOOK_CONFIGURATION_AND_PACKAGING_DELTAS_RELIED_ON_BY_THE_PROJECT	CONFIGURATION_OR_PACKAGING_DELTA;GUI_MULTI_CONSUMER	generic-root-review:88cec59d1ec77cd9f7bd;recipe_tree=4943c66ff96eeddc0d6d05a57fb24418fb0cd7d2;tokens=BUILD_IN_SRC;generic-recipe-binding-and-drift-target-receipt-review.tsv;generic-build-attestation-adaptation-root-evidence-receipt-review.tsv	AD-001_AD-002_AD-003_AD-004_SEMANTIC_DELTA_NECESSITY_AND_OBJECT_IMPACT_REVIEW	AGENT_SEMANTIC_DELTA_REVIEW_WITH_OBJECT_IMPACT_AND_PLATFORM_NECESSITY_CLASSIFICATION	SUP-02_CUSTODIAN_EXPORT_UNLESS_RECLASSIFICATION_OR_ESCALATION_TRIGGER_REQUIRES_CLASS_C_DEPTH	SEMANTIC_REVIEW_CANNOT_BOUND_GENERATED_OUTPUT;OBSERVED_ARTIFACT_BEHAVIOR_CONFLICTS_WITH_RECIPE;CLAIM_RECLASSIFIED_AS_INDEPENDENT_REPRODUCTION;HIGH_RISK_OUTPUT_REMAINS_OPAQUE	CLASSIFIED_OPEN_REVIEW_REQUIRED	REVIEW_PLAN_ONLY_NO_ADAPTATION_OR_PROVIDER_ACCEPTANCE	RECIPE_TOKEN_PRESENCE_OR_ABSENCE_DOES_NOT_BY_ITSELF_ESTABLISH_PLATFORM_NECESSITY_OR_EQUIVALENCE
PCC-LIBTHAI-PROVIDER	ROOT	generic-root-review:88cec59d1ec77cd9f7bd	gpkg/libthai	PROVIDER_AUTHORITY	PACKAGE_MEMBERS_AUTHORIZED_AS_RUNTIME_PROVIDER_FOR_THEIR_CAPABILITY_SCOPE	B	AUTHORITATIVE_PACKAGE_MEMBERS_FOR_CAPABILITY_PARTITIONS=gtk-gui	PROJECT_SELECTION_AND_INTEGRATION_OF_REFERENCE_MEMBERS_IN_A_CUSTOM_MIXED_WORLD_APPLICATION_RUNTIME	CONFIGURATION_OR_PACKAGING_DELTA;GUI_MULTI_CONSUMER	generic-root-review:88cec59d1ec77cd9f7bd;generic-artifact:5aa1d090525e71302abf;generic-object-review:d3da4cccc7de5661836d;generic-artifact-member-comparison-artifacts.tsv;generic-recipe-binding-and-drift-target-receipt-review.tsv;authority-coverage-ledger.tsv;generic-source-authority-boundary.tsv;selected-object-authority-base.tsv	ADAPTATION_CLASSIFICATION;CAPABILITY_NECESSITY_AND_CONSUMER_BINDING;CONFLICT_AND_EXCLUSION_REVIEW;UPDATE_AND_ROLLBACK_BOUNDARY	CAPABILITY_LEVEL_PROVIDER_REVIEW_AFTER_ADAPTATION_CLASSIFICATION_WITH_TARGETED_PASSIVE_CONSUMER_BINDING_ONLY_WHERE_AMBIGUOUS	SUPPLIER_BUILD_PROVENANCE_AS_A_SUBSTITUTE_FOR_PROVIDER_SELECTION_OR_RUNTIME_BINDING	AMBIGUOUS_CONSUMER_BINDING;ABI_OR_SECURITY_CONFLICT;MULTIPLE_NON_EQUIVALENT_PROVIDER_CANDIDATES;NO_OBSERVABLE_FALLBACK;ARTIFACT_MEMBER_RECIPE_OR_CONSUMER_BINDING_CHANGE	CLASSIFIED_OPEN_PROVIDER_AUTHORITY_NOT_ACCEPTED	NO_PROVIDER_COMPOSITION_TARGET_OR_ACTIVATION_EFFECT	PACKAGE_MEMBER_AND_RECIPE_EVIDENCE_DO_NOT_IMPLY_PROVIDER_AUTHORITY_OR_COMPLETE_RUNTIME_COMPOSITION
PCC-LIBXCOMPOSITE-ARTIFACT	ROOT	generic-root-review:871a690716276e3765a2	gpkg/libxcomposite	ARTIFACT_IDENTITY	EXACT_REFERENCE_ARTIFACT_AND_NAMED_MEMBER_CANDIDATE_IDENTITY	A	AUTHORITATIVE_TERMUX_GLIBC_PACKAGE_REPOSITORY_ARTIFACT	ACQUIRE_RETAIN_HASH_AND_BIND_NAMED_MEMBERS_WITHOUT_RECONSTRUCTING_SUPPLIER_BUILD_HISTORY	GUI_MULTI_CONSUMER;NO_EXPLICIT_DELTA_TOKEN	generic-root-review:871a690716276e3765a2;generic-artifact:6dc0ea80780ab017ce1e;generic-object-review:05200a10be8fe8ed5235;generic-artifact-member-comparison-artifacts.tsv;generic-recipe-binding-and-drift-target-receipt-review.tsv	NONE_FOR_EXACT_CANDIDATE_ARTIFACT_AND_NAMED_MEMBER_IDENTITY	NONE_RETAIN_EXACT_ARTIFACT_AND_MEMBER_DIGESTS_AT_TRANSFER	CUSTODIAN_BUILD_INVOCATION;FULL_BUILD_ENVIRONMENT;INDEPENDENT_REPRODUCTION	ARTIFACT_DIGEST_MISMATCH;MEMBER_OR_SONAME_MISMATCH;SUPPLIER_OPACITY_AFFECTING_THE_EXACT_IDENTITY_CLAIM	EVIDENCE_SUFFICIENT_FOR_CANDIDATE_IDENTITY_ONLY	CANDIDATE_IDENTITY_ONLY_NO_PROVIDER_OR_TARGET_EFFECT	EXACT_ARTIFACT_IDENTITY_DOES_NOT_IMPLY_ADAPTATION_ACCEPTANCE_PROVIDER_AUTHORITY_OR_TARGET_MEMBERSHIP
PCC-LIBXCOMPOSITE-ADAPTATION	ROOT	generic-root-review:871a690716276e3765a2	gpkg/libxcomposite	ADAPTATION_SEMANTICS	REFERENCE_RECIPE_EQUIVALENCE_OR_BOUNDED_TERMUX_ANDROID_ADAPTATION	A	PINNED_TERMUX_GLIBC_RECIPE_TREE_AND_PINNED_UPSTREAM_SOURCE	PACKAGE_SOURCE_PIN_AND_DEPENDENCY_METADATA_ONLY;NO_PACKAGE_SPECIFIC_SOURCE_OR_BUILD_SEMANTIC_CHANGE	GUI_MULTI_CONSUMER;NO_EXPLICIT_DELTA_TOKEN	generic-root-review:871a690716276e3765a2;recipe_tree=5df15021d34e11560691926e2054272b5d3b6984;tokens=NONE_DECLARED;generic-recipe-binding-and-drift-target-receipt-review.tsv;generic-build-attestation-adaptation-root-evidence-receipt-review.tsv;no-token-recipe-semantic-review.tsv;NTR-003	NONE_FOR_PACKAGE_SPECIFIC_RECIPE_ADAPTATION_CLASSIFICATION	PROCEED_TO_BOUNDED_PROVIDER_AUTHORITY_REVIEW_WITHOUT_SUPPLIER_BUILD_RECONSTRUCTION	SUP-02_CUSTODIAN_EXPORT_UNLESS_RECLASSIFICATION_OR_ESCALATION_TRIGGER_REQUIRES_CLASS_C_DEPTH	SEMANTIC_REVIEW_CANNOT_BOUND_GENERATED_OUTPUT;OBSERVED_ARTIFACT_BEHAVIOR_CONFLICTS_WITH_RECIPE;CLAIM_RECLASSIFIED_AS_INDEPENDENT_REPRODUCTION;HIGH_RISK_OUTPUT_REMAINS_OPAQUE	CLASS_A_CONFIRMED_RECIPE_SEMANTIC_REVIEW_COMPLETE	ADAPTATION_CLASSIFICATION_ONLY_NO_PROVIDER_COMPOSITION_TARGET_OR_ACTIVATION_EFFECT	RECIPE_TOKEN_PRESENCE_OR_ABSENCE_DOES_NOT_BY_ITSELF_ESTABLISH_PLATFORM_NECESSITY_OR_EQUIVALENCE
PCC-LIBXCOMPOSITE-PROVIDER	ROOT	generic-root-review:871a690716276e3765a2	gpkg/libxcomposite	PROVIDER_AUTHORITY	PACKAGE_MEMBERS_AUTHORIZED_AS_RUNTIME_PROVIDER_FOR_THEIR_CAPABILITY_SCOPE	B	AUTHORITATIVE_PACKAGE_MEMBERS_FOR_CAPABILITY_PARTITIONS=gtk-gui	PROJECT_SELECTION_AND_INTEGRATION_OF_REFERENCE_MEMBERS_IN_A_CUSTOM_MIXED_WORLD_APPLICATION_RUNTIME	GUI_MULTI_CONSUMER;NO_EXPLICIT_DELTA_TOKEN	generic-root-review:871a690716276e3765a2;generic-artifact:6dc0ea80780ab017ce1e;generic-object-review:05200a10be8fe8ed5235;generic-artifact-member-comparison-artifacts.tsv;generic-recipe-binding-and-drift-target-receipt-review.tsv;authority-coverage-ledger.tsv;generic-source-authority-boundary.tsv;selected-object-authority-base.tsv;xorg-reference-consumed-provider-authority.tsv;XORG-PROV-002	NONE_FOR_BOUNDED_PROVIDER_AUTHORITY	RETAIN_BOUNDED_PROVIDER_AUTHORITY_AND_REVALIDATE_ON_RECORDED_UPDATE_OR_ROLLBACK_TRIGGER	SUPPLIER_BUILD_PROVENANCE_AS_A_SUBSTITUTE_FOR_PROVIDER_SELECTION_OR_RUNTIME_BINDING	AMBIGUOUS_CONSUMER_BINDING;ABI_OR_SECURITY_CONFLICT;MULTIPLE_NON_EQUIVALENT_PROVIDER_CANDIDATES;NO_OBSERVABLE_FALLBACK;ARTIFACT_MEMBER_RECIPE_OR_CONSUMER_BINDING_CHANGE	BOUNDED_PROVIDER_AUTHORITY_ACCEPTED	PROVIDER_AUTHORITY_ACCEPTED_FOR_EXACT_MEMBER_AND_SELECTED_GTK_X11_CAPABILITY_SCOPE_ONLY_NO_COMPOSITION_TARGET_OR_ACTIVATION_EFFECT	BOUNDED_PROVIDER_ACCEPTANCE_DOES_NOT_IMPLY_COMPLETE_COMPOSITION_TARGET_MEMBERSHIP_PATH_ALIAS_POLICY_MATERIALIZATION_OR_ACTIVATION
PCC-LIBXCURSOR-ARTIFACT	ROOT	generic-root-review:54ab99c9280e70c43600	gpkg/libxcursor	ARTIFACT_IDENTITY	EXACT_REFERENCE_ARTIFACT_AND_NAMED_MEMBER_CANDIDATE_IDENTITY	A	AUTHORITATIVE_TERMUX_GLIBC_PACKAGE_REPOSITORY_ARTIFACT	ACQUIRE_RETAIN_HASH_AND_BIND_NAMED_MEMBERS_WITHOUT_RECONSTRUCTING_SUPPLIER_BUILD_HISTORY	GUI_MULTI_CONSUMER;MATERIAL_RECIPE_DELTA	generic-root-review:54ab99c9280e70c43600;generic-artifact:7901dd136016df9d694e;generic-object-review:7ce853ca3ee3ee667757;generic-artifact-member-comparison-artifacts.tsv;generic-recipe-binding-and-drift-target-receipt-review.tsv	NONE_FOR_EXACT_CANDIDATE_ARTIFACT_AND_NAMED_MEMBER_IDENTITY	NONE_RETAIN_EXACT_ARTIFACT_AND_MEMBER_DIGESTS_AT_TRANSFER	CUSTODIAN_BUILD_INVOCATION;FULL_BUILD_ENVIRONMENT;INDEPENDENT_REPRODUCTION	ARTIFACT_DIGEST_MISMATCH;MEMBER_OR_SONAME_MISMATCH;SUPPLIER_OPACITY_AFFECTING_THE_EXACT_IDENTITY_CLAIM	EVIDENCE_SUFFICIENT_FOR_CANDIDATE_IDENTITY_ONLY	CANDIDATE_IDENTITY_ONLY_NO_PROVIDER_OR_TARGET_EFFECT	EXACT_ARTIFACT_IDENTITY_DOES_NOT_IMPLY_ADAPTATION_ACCEPTANCE_PROVIDER_AUTHORITY_OR_TARGET_MEMBERSHIP
PCC-LIBXCURSOR-ADAPTATION	ROOT	generic-root-review:54ab99c9280e70c43600	gpkg/libxcursor	ADAPTATION_SEMANTICS	REFERENCE_RECIPE_EQUIVALENCE_OR_BOUNDED_TERMUX_ANDROID_ADAPTATION	B	PINNED_TERMUX_GLIBC_RECIPE_TREE_AND_PINNED_UPSTREAM_SOURCE	EXACT_RECIPE_PATCH_HOOK_CONFIGURATION_AND_PACKAGING_DELTAS_RELIED_ON_BY_THE_PROJECT	GUI_MULTI_CONSUMER;MATERIAL_RECIPE_DELTA	generic-root-review:54ab99c9280e70c43600;recipe_tree=bb2495e04b246f60203d48720225ef13fa8a25bf;tokens=PATCH_FILE;TERMUX_PREFIX_REFERENCE;generic-recipe-binding-and-drift-target-receipt-review.tsv;generic-build-attestation-adaptation-root-evidence-receipt-review.tsv	AD-001_AD-002_AD-003_AD-004_SEMANTIC_DELTA_NECESSITY_AND_OBJECT_IMPACT_REVIEW	AGENT_SEMANTIC_DELTA_REVIEW_WITH_OBJECT_IMPACT_AND_PLATFORM_NECESSITY_CLASSIFICATION	SUP-02_CUSTODIAN_EXPORT_UNLESS_RECLASSIFICATION_OR_ESCALATION_TRIGGER_REQUIRES_CLASS_C_DEPTH	SEMANTIC_REVIEW_CANNOT_BOUND_GENERATED_OUTPUT;OBSERVED_ARTIFACT_BEHAVIOR_CONFLICTS_WITH_RECIPE;CLAIM_RECLASSIFIED_AS_INDEPENDENT_REPRODUCTION;HIGH_RISK_OUTPUT_REMAINS_OPAQUE	CLASSIFIED_OPEN_REVIEW_REQUIRED	REVIEW_PLAN_ONLY_NO_ADAPTATION_OR_PROVIDER_ACCEPTANCE	RECIPE_TOKEN_PRESENCE_OR_ABSENCE_DOES_NOT_BY_ITSELF_ESTABLISH_PLATFORM_NECESSITY_OR_EQUIVALENCE
PCC-LIBXCURSOR-PROVIDER	ROOT	generic-root-review:54ab99c9280e70c43600	gpkg/libxcursor	PROVIDER_AUTHORITY	PACKAGE_MEMBERS_AUTHORIZED_AS_RUNTIME_PROVIDER_FOR_THEIR_CAPABILITY_SCOPE	B	AUTHORITATIVE_PACKAGE_MEMBERS_FOR_CAPABILITY_PARTITIONS=gtk-gui	PROJECT_SELECTION_AND_INTEGRATION_OF_REFERENCE_MEMBERS_IN_A_CUSTOM_MIXED_WORLD_APPLICATION_RUNTIME	GUI_MULTI_CONSUMER;MATERIAL_RECIPE_DELTA	generic-root-review:54ab99c9280e70c43600;generic-artifact:7901dd136016df9d694e;generic-object-review:7ce853ca3ee3ee667757;generic-artifact-member-comparison-artifacts.tsv;generic-recipe-binding-and-drift-target-receipt-review.tsv;authority-coverage-ledger.tsv;generic-source-authority-boundary.tsv;selected-object-authority-base.tsv	ADAPTATION_CLASSIFICATION;CAPABILITY_NECESSITY_AND_CONSUMER_BINDING;CONFLICT_AND_EXCLUSION_REVIEW;UPDATE_AND_ROLLBACK_BOUNDARY	CAPABILITY_LEVEL_PROVIDER_REVIEW_AFTER_ADAPTATION_CLASSIFICATION_WITH_TARGETED_PASSIVE_CONSUMER_BINDING_ONLY_WHERE_AMBIGUOUS	SUPPLIER_BUILD_PROVENANCE_AS_A_SUBSTITUTE_FOR_PROVIDER_SELECTION_OR_RUNTIME_BINDING	AMBIGUOUS_CONSUMER_BINDING;ABI_OR_SECURITY_CONFLICT;MULTIPLE_NON_EQUIVALENT_PROVIDER_CANDIDATES;NO_OBSERVABLE_FALLBACK;ARTIFACT_MEMBER_RECIPE_OR_CONSUMER_BINDING_CHANGE	CLASSIFIED_OPEN_PROVIDER_AUTHORITY_NOT_ACCEPTED	NO_PROVIDER_COMPOSITION_TARGET_OR_ACTIVATION_EFFECT	PACKAGE_MEMBER_AND_RECIPE_EVIDENCE_DO_NOT_IMPLY_PROVIDER_AUTHORITY_OR_COMPLETE_RUNTIME_COMPOSITION
PCC-LIBXFIXES-ARTIFACT	ROOT	generic-root-review:b2edb795edece4a59650	gpkg/libxfixes	ARTIFACT_IDENTITY	EXACT_REFERENCE_ARTIFACT_AND_NAMED_MEMBER_CANDIDATE_IDENTITY	A	AUTHORITATIVE_TERMUX_GLIBC_PACKAGE_REPOSITORY_ARTIFACT	ACQUIRE_RETAIN_HASH_AND_BIND_NAMED_MEMBERS_WITHOUT_RECONSTRUCTING_SUPPLIER_BUILD_HISTORY	GUI_MULTI_CONSUMER;NO_EXPLICIT_DELTA_TOKEN	generic-root-review:b2edb795edece4a59650;generic-artifact:23fe7f6003d9607db6af;generic-object-review:04b50f00464718fa02ec;generic-artifact-member-comparison-artifacts.tsv;generic-recipe-binding-and-drift-target-receipt-review.tsv	NONE_FOR_EXACT_CANDIDATE_ARTIFACT_AND_NAMED_MEMBER_IDENTITY	NONE_RETAIN_EXACT_ARTIFACT_AND_MEMBER_DIGESTS_AT_TRANSFER	CUSTODIAN_BUILD_INVOCATION;FULL_BUILD_ENVIRONMENT;INDEPENDENT_REPRODUCTION	ARTIFACT_DIGEST_MISMATCH;MEMBER_OR_SONAME_MISMATCH;SUPPLIER_OPACITY_AFFECTING_THE_EXACT_IDENTITY_CLAIM	EVIDENCE_SUFFICIENT_FOR_CANDIDATE_IDENTITY_ONLY	CANDIDATE_IDENTITY_ONLY_NO_PROVIDER_OR_TARGET_EFFECT	EXACT_ARTIFACT_IDENTITY_DOES_NOT_IMPLY_ADAPTATION_ACCEPTANCE_PROVIDER_AUTHORITY_OR_TARGET_MEMBERSHIP
PCC-LIBXFIXES-ADAPTATION	ROOT	generic-root-review:b2edb795edece4a59650	gpkg/libxfixes	ADAPTATION_SEMANTICS	REFERENCE_RECIPE_EQUIVALENCE_OR_BOUNDED_TERMUX_ANDROID_ADAPTATION	A	PINNED_TERMUX_GLIBC_RECIPE_TREE_AND_PINNED_UPSTREAM_SOURCE	PACKAGE_SOURCE_PIN_AND_DEPENDENCY_METADATA_ONLY;NO_PACKAGE_SPECIFIC_SOURCE_OR_BUILD_SEMANTIC_CHANGE	GUI_MULTI_CONSUMER;NO_EXPLICIT_DELTA_TOKEN	generic-root-review:b2edb795edece4a59650;recipe_tree=14916897595c88d8dc9c346884799171c22b4c15;tokens=NONE_DECLARED;generic-recipe-binding-and-drift-target-receipt-review.tsv;generic-build-attestation-adaptation-root-evidence-receipt-review.tsv;no-token-recipe-semantic-review.tsv;NTR-004	NONE_FOR_PACKAGE_SPECIFIC_RECIPE_ADAPTATION_CLASSIFICATION	PROCEED_TO_BOUNDED_PROVIDER_AUTHORITY_REVIEW_WITHOUT_SUPPLIER_BUILD_RECONSTRUCTION	SUP-02_CUSTODIAN_EXPORT_UNLESS_RECLASSIFICATION_OR_ESCALATION_TRIGGER_REQUIRES_CLASS_C_DEPTH	SEMANTIC_REVIEW_CANNOT_BOUND_GENERATED_OUTPUT;OBSERVED_ARTIFACT_BEHAVIOR_CONFLICTS_WITH_RECIPE;CLAIM_RECLASSIFIED_AS_INDEPENDENT_REPRODUCTION;HIGH_RISK_OUTPUT_REMAINS_OPAQUE	CLASS_A_CONFIRMED_RECIPE_SEMANTIC_REVIEW_COMPLETE	ADAPTATION_CLASSIFICATION_ONLY_NO_PROVIDER_COMPOSITION_TARGET_OR_ACTIVATION_EFFECT	RECIPE_TOKEN_PRESENCE_OR_ABSENCE_DOES_NOT_BY_ITSELF_ESTABLISH_PLATFORM_NECESSITY_OR_EQUIVALENCE
PCC-LIBXFIXES-PROVIDER	ROOT	generic-root-review:b2edb795edece4a59650	gpkg/libxfixes	PROVIDER_AUTHORITY	PACKAGE_MEMBERS_AUTHORIZED_AS_RUNTIME_PROVIDER_FOR_THEIR_CAPABILITY_SCOPE	B	AUTHORITATIVE_PACKAGE_MEMBERS_FOR_CAPABILITY_PARTITIONS=gtk-gui	PROJECT_SELECTION_AND_INTEGRATION_OF_REFERENCE_MEMBERS_IN_A_CUSTOM_MIXED_WORLD_APPLICATION_RUNTIME	GUI_MULTI_CONSUMER;NO_EXPLICIT_DELTA_TOKEN	generic-root-review:b2edb795edece4a59650;generic-artifact:23fe7f6003d9607db6af;generic-object-review:04b50f00464718fa02ec;generic-artifact-member-comparison-artifacts.tsv;generic-recipe-binding-and-drift-target-receipt-review.tsv;authority-coverage-ledger.tsv;generic-source-authority-boundary.tsv;selected-object-authority-base.tsv;xorg-reference-consumed-provider-authority.tsv;XORG-PROV-001	NONE_FOR_BOUNDED_PROVIDER_AUTHORITY	RETAIN_BOUNDED_PROVIDER_AUTHORITY_AND_REVALIDATE_ON_RECORDED_UPDATE_OR_ROLLBACK_TRIGGER	SUPPLIER_BUILD_PROVENANCE_AS_A_SUBSTITUTE_FOR_PROVIDER_SELECTION_OR_RUNTIME_BINDING	AMBIGUOUS_CONSUMER_BINDING;ABI_OR_SECURITY_CONFLICT;MULTIPLE_NON_EQUIVALENT_PROVIDER_CANDIDATES;NO_OBSERVABLE_FALLBACK;ARTIFACT_MEMBER_RECIPE_OR_CONSUMER_BINDING_CHANGE	BOUNDED_PROVIDER_AUTHORITY_ACCEPTED	PROVIDER_AUTHORITY_ACCEPTED_FOR_EXACT_MEMBER_AND_SELECTED_GTK_X11_CAPABILITY_SCOPE_ONLY_NO_COMPOSITION_TARGET_OR_ACTIVATION_EFFECT	BOUNDED_PROVIDER_ACCEPTANCE_DOES_NOT_IMPLY_COMPLETE_COMPOSITION_TARGET_MEMBERSHIP_PATH_ALIAS_POLICY_MATERIALIZATION_OR_ACTIVATION
PCC-LIBXI-ARTIFACT	ROOT	generic-root-review:5cde09ffb57ae90a949d	gpkg/libxi	ARTIFACT_IDENTITY	EXACT_REFERENCE_ARTIFACT_AND_NAMED_MEMBER_CANDIDATE_IDENTITY	A	AUTHORITATIVE_TERMUX_GLIBC_PACKAGE_REPOSITORY_ARTIFACT	ACQUIRE_RETAIN_HASH_AND_BIND_NAMED_MEMBERS_WITHOUT_RECONSTRUCTING_SUPPLIER_BUILD_HISTORY	GUI_MULTI_CONSUMER;NO_EXPLICIT_DELTA_TOKEN	generic-root-review:5cde09ffb57ae90a949d;generic-artifact:716705064cc53d3237a3;generic-object-review:e43c9615521e6961f93a;generic-artifact-member-comparison-artifacts.tsv;generic-recipe-binding-and-drift-target-receipt-review.tsv	NONE_FOR_EXACT_CANDIDATE_ARTIFACT_AND_NAMED_MEMBER_IDENTITY	NONE_RETAIN_EXACT_ARTIFACT_AND_MEMBER_DIGESTS_AT_TRANSFER	CUSTODIAN_BUILD_INVOCATION;FULL_BUILD_ENVIRONMENT;INDEPENDENT_REPRODUCTION	ARTIFACT_DIGEST_MISMATCH;MEMBER_OR_SONAME_MISMATCH;SUPPLIER_OPACITY_AFFECTING_THE_EXACT_IDENTITY_CLAIM	EVIDENCE_SUFFICIENT_FOR_CANDIDATE_IDENTITY_ONLY	CANDIDATE_IDENTITY_ONLY_NO_PROVIDER_OR_TARGET_EFFECT	EXACT_ARTIFACT_IDENTITY_DOES_NOT_IMPLY_ADAPTATION_ACCEPTANCE_PROVIDER_AUTHORITY_OR_TARGET_MEMBERSHIP
PCC-LIBXI-ADAPTATION	ROOT	generic-root-review:5cde09ffb57ae90a949d	gpkg/libxi	ADAPTATION_SEMANTICS	REFERENCE_RECIPE_EQUIVALENCE_OR_BOUNDED_TERMUX_ANDROID_ADAPTATION	A	PINNED_TERMUX_GLIBC_RECIPE_TREE_AND_PINNED_UPSTREAM_SOURCE	PACKAGE_SOURCE_PIN_AND_DEPENDENCY_METADATA_ONLY;NO_PACKAGE_SPECIFIC_SOURCE_OR_BUILD_SEMANTIC_CHANGE	GUI_MULTI_CONSUMER;NO_EXPLICIT_DELTA_TOKEN	generic-root-review:5cde09ffb57ae90a949d;recipe_tree=9be86de0575a2ae7c8e904d6724d07bacd96d099;tokens=NONE_DECLARED;generic-recipe-binding-and-drift-target-receipt-review.tsv;generic-build-attestation-adaptation-root-evidence-receipt-review.tsv;no-token-recipe-semantic-review.tsv;NTR-005	NONE_FOR_PACKAGE_SPECIFIC_RECIPE_ADAPTATION_CLASSIFICATION	PROCEED_TO_BOUNDED_PROVIDER_AUTHORITY_REVIEW_WITHOUT_SUPPLIER_BUILD_RECONSTRUCTION	SUP-02_CUSTODIAN_EXPORT_UNLESS_RECLASSIFICATION_OR_ESCALATION_TRIGGER_REQUIRES_CLASS_C_DEPTH	SEMANTIC_REVIEW_CANNOT_BOUND_GENERATED_OUTPUT;OBSERVED_ARTIFACT_BEHAVIOR_CONFLICTS_WITH_RECIPE;CLAIM_RECLASSIFIED_AS_INDEPENDENT_REPRODUCTION;HIGH_RISK_OUTPUT_REMAINS_OPAQUE	CLASS_A_CONFIRMED_RECIPE_SEMANTIC_REVIEW_COMPLETE	ADAPTATION_CLASSIFICATION_ONLY_NO_PROVIDER_COMPOSITION_TARGET_OR_ACTIVATION_EFFECT	RECIPE_TOKEN_PRESENCE_OR_ABSENCE_DOES_NOT_BY_ITSELF_ESTABLISH_PLATFORM_NECESSITY_OR_EQUIVALENCE
PCC-LIBXI-PROVIDER	ROOT	generic-root-review:5cde09ffb57ae90a949d	gpkg/libxi	PROVIDER_AUTHORITY	PACKAGE_MEMBERS_AUTHORIZED_AS_RUNTIME_PROVIDER_FOR_THEIR_CAPABILITY_SCOPE	B	AUTHORITATIVE_PACKAGE_MEMBERS_FOR_CAPABILITY_PARTITIONS=gtk-gui	PROJECT_SELECTION_AND_INTEGRATION_OF_REFERENCE_MEMBERS_IN_A_CUSTOM_MIXED_WORLD_APPLICATION_RUNTIME	GUI_MULTI_CONSUMER;NO_EXPLICIT_DELTA_TOKEN	generic-root-review:5cde09ffb57ae90a949d;generic-artifact:716705064cc53d3237a3;generic-object-review:e43c9615521e6961f93a;generic-artifact-member-comparison-artifacts.tsv;generic-recipe-binding-and-drift-target-receipt-review.tsv;authority-coverage-ledger.tsv;generic-source-authority-boundary.tsv;selected-object-authority-base.tsv;xorg-reference-consumed-provider-authority.tsv;XORG-PROV-003	NONE_FOR_BOUNDED_PROVIDER_AUTHORITY	RETAIN_BOUNDED_PROVIDER_AUTHORITY_AND_REVALIDATE_ON_RECORDED_UPDATE_OR_ROLLBACK_TRIGGER	SUPPLIER_BUILD_PROVENANCE_AS_A_SUBSTITUTE_FOR_PROVIDER_SELECTION_OR_RUNTIME_BINDING	AMBIGUOUS_CONSUMER_BINDING;ABI_OR_SECURITY_CONFLICT;MULTIPLE_NON_EQUIVALENT_PROVIDER_CANDIDATES;NO_OBSERVABLE_FALLBACK;ARTIFACT_MEMBER_RECIPE_OR_CONSUMER_BINDING_CHANGE	BOUNDED_PROVIDER_AUTHORITY_ACCEPTED	PROVIDER_AUTHORITY_ACCEPTED_FOR_EXACT_MEMBER_AND_SELECTED_GTK_X11_CAPABILITY_SCOPE_ONLY_NO_COMPOSITION_TARGET_OR_ACTIVATION_EFFECT	BOUNDED_PROVIDER_ACCEPTANCE_DOES_NOT_IMPLY_COMPLETE_COMPOSITION_TARGET_MEMBERSHIP_PATH_ALIAS_POLICY_MATERIALIZATION_OR_ACTIVATION
PCC-LIBXINERAMA-ARTIFACT	ROOT	generic-root-review:8fba4c31866e5ce912d6	gpkg/libxinerama	ARTIFACT_IDENTITY	EXACT_REFERENCE_ARTIFACT_AND_NAMED_MEMBER_CANDIDATE_IDENTITY	A	AUTHORITATIVE_TERMUX_GLIBC_PACKAGE_REPOSITORY_ARTIFACT	ACQUIRE_RETAIN_HASH_AND_BIND_NAMED_MEMBERS_WITHOUT_RECONSTRUCTING_SUPPLIER_BUILD_HISTORY	GUI_MULTI_CONSUMER;NO_EXPLICIT_DELTA_TOKEN	generic-root-review:8fba4c31866e5ce912d6;generic-artifact:e849c9e0a6ea5f42d9cf;generic-object-review:708105f7f5955823c305;generic-artifact-member-comparison-artifacts.tsv;generic-recipe-binding-and-drift-target-receipt-review.tsv	NONE_FOR_EXACT_CANDIDATE_ARTIFACT_AND_NAMED_MEMBER_IDENTITY	NONE_RETAIN_EXACT_ARTIFACT_AND_MEMBER_DIGESTS_AT_TRANSFER	CUSTODIAN_BUILD_INVOCATION;FULL_BUILD_ENVIRONMENT;INDEPENDENT_REPRODUCTION	ARTIFACT_DIGEST_MISMATCH;MEMBER_OR_SONAME_MISMATCH;SUPPLIER_OPACITY_AFFECTING_THE_EXACT_IDENTITY_CLAIM	EVIDENCE_SUFFICIENT_FOR_CANDIDATE_IDENTITY_ONLY	CANDIDATE_IDENTITY_ONLY_NO_PROVIDER_OR_TARGET_EFFECT	EXACT_ARTIFACT_IDENTITY_DOES_NOT_IMPLY_ADAPTATION_ACCEPTANCE_PROVIDER_AUTHORITY_OR_TARGET_MEMBERSHIP
PCC-LIBXINERAMA-ADAPTATION	ROOT	generic-root-review:8fba4c31866e5ce912d6	gpkg/libxinerama	ADAPTATION_SEMANTICS	REFERENCE_RECIPE_EQUIVALENCE_OR_BOUNDED_TERMUX_ANDROID_ADAPTATION	A	PINNED_TERMUX_GLIBC_RECIPE_TREE_AND_PINNED_UPSTREAM_SOURCE	PACKAGE_SOURCE_PIN_AND_DEPENDENCY_METADATA_ONLY;NO_PACKAGE_SPECIFIC_SOURCE_OR_BUILD_SEMANTIC_CHANGE	GUI_MULTI_CONSUMER;NO_EXPLICIT_DELTA_TOKEN	generic-root-review:8fba4c31866e5ce912d6;recipe_tree=0ecad3a5840978f10eb6964f073d0ffb6a1a69c0;tokens=NONE_DECLARED;generic-recipe-binding-and-drift-target-receipt-review.tsv;generic-build-attestation-adaptation-root-evidence-receipt-review.tsv;no-token-recipe-semantic-review.tsv;NTR-006	NONE_FOR_PACKAGE_SPECIFIC_RECIPE_ADAPTATION_CLASSIFICATION	PROCEED_TO_BOUNDED_PROVIDER_AUTHORITY_REVIEW_WITHOUT_SUPPLIER_BUILD_RECONSTRUCTION	SUP-02_CUSTODIAN_EXPORT_UNLESS_RECLASSIFICATION_OR_ESCALATION_TRIGGER_REQUIRES_CLASS_C_DEPTH	SEMANTIC_REVIEW_CANNOT_BOUND_GENERATED_OUTPUT;OBSERVED_ARTIFACT_BEHAVIOR_CONFLICTS_WITH_RECIPE;CLAIM_RECLASSIFIED_AS_INDEPENDENT_REPRODUCTION;HIGH_RISK_OUTPUT_REMAINS_OPAQUE	CLASS_A_CONFIRMED_RECIPE_SEMANTIC_REVIEW_COMPLETE	ADAPTATION_CLASSIFICATION_ONLY_NO_PROVIDER_COMPOSITION_TARGET_OR_ACTIVATION_EFFECT	RECIPE_TOKEN_PRESENCE_OR_ABSENCE_DOES_NOT_BY_ITSELF_ESTABLISH_PLATFORM_NECESSITY_OR_EQUIVALENCE
PCC-LIBXINERAMA-PROVIDER	ROOT	generic-root-review:8fba4c31866e5ce912d6	gpkg/libxinerama	PROVIDER_AUTHORITY	PACKAGE_MEMBERS_AUTHORIZED_AS_RUNTIME_PROVIDER_FOR_THEIR_CAPABILITY_SCOPE	B	AUTHORITATIVE_PACKAGE_MEMBERS_FOR_CAPABILITY_PARTITIONS=gtk-gui	PROJECT_SELECTION_AND_INTEGRATION_OF_REFERENCE_MEMBERS_IN_A_CUSTOM_MIXED_WORLD_APPLICATION_RUNTIME	GUI_MULTI_CONSUMER;NO_EXPLICIT_DELTA_TOKEN	generic-root-review:8fba4c31866e5ce912d6;generic-artifact:e849c9e0a6ea5f42d9cf;generic-object-review:708105f7f5955823c305;generic-artifact-member-comparison-artifacts.tsv;generic-recipe-binding-and-drift-target-receipt-review.tsv;authority-coverage-ledger.tsv;generic-source-authority-boundary.tsv;selected-object-authority-base.tsv;xorg-reference-consumed-provider-authority.tsv;XORG-PROV-004	NONE_FOR_BOUNDED_PROVIDER_AUTHORITY	RETAIN_BOUNDED_PROVIDER_AUTHORITY_AND_REVALIDATE_ON_RECORDED_UPDATE_OR_ROLLBACK_TRIGGER	SUPPLIER_BUILD_PROVENANCE_AS_A_SUBSTITUTE_FOR_PROVIDER_SELECTION_OR_RUNTIME_BINDING	AMBIGUOUS_CONSUMER_BINDING;ABI_OR_SECURITY_CONFLICT;MULTIPLE_NON_EQUIVALENT_PROVIDER_CANDIDATES;NO_OBSERVABLE_FALLBACK;ARTIFACT_MEMBER_RECIPE_OR_CONSUMER_BINDING_CHANGE	BOUNDED_PROVIDER_AUTHORITY_ACCEPTED	PROVIDER_AUTHORITY_ACCEPTED_FOR_EXACT_MEMBER_AND_SELECTED_GTK_X11_CAPABILITY_SCOPE_ONLY_NO_COMPOSITION_TARGET_OR_ACTIVATION_EFFECT	BOUNDED_PROVIDER_ACCEPTANCE_DOES_NOT_IMPLY_COMPLETE_COMPOSITION_TARGET_MEMBERSHIP_PATH_ALIAS_POLICY_MATERIALIZATION_OR_ACTIVATION
PCC-LIBXKBCOMMON-ARTIFACT	ROOT	generic-root-review:778b62f6da21fd02f1bb	gpkg/libxkbcommon	ARTIFACT_IDENTITY	EXACT_REFERENCE_ARTIFACT_AND_NAMED_MEMBER_CANDIDATE_IDENTITY	A	AUTHORITATIVE_TERMUX_GLIBC_PACKAGE_REPOSITORY_ARTIFACT	ACQUIRE_RETAIN_HASH_AND_BIND_NAMED_MEMBERS_WITHOUT_RECONSTRUCTING_SUPPLIER_BUILD_HISTORY	CONCRETE_FILENAME_DRIFT;GUI_MULTI_CONSUMER;MATERIAL_RECIPE_DELTA	generic-root-review:778b62f6da21fd02f1bb;generic-artifact:e58eca6f9c0e0d068d80;generic-object-review:f7cd8d1f2115948790df;generic-artifact-member-comparison-artifacts.tsv;generic-recipe-binding-and-drift-target-receipt-review.tsv	NONE_FOR_EXACT_CANDIDATE_ARTIFACT_AND_NAMED_MEMBER_IDENTITY	NONE_RETAIN_EXACT_ARTIFACT_AND_MEMBER_DIGESTS_AT_TRANSFER	CUSTODIAN_BUILD_INVOCATION;FULL_BUILD_ENVIRONMENT;INDEPENDENT_REPRODUCTION	ARTIFACT_DIGEST_MISMATCH;MEMBER_OR_SONAME_MISMATCH;SUPPLIER_OPACITY_AFFECTING_THE_EXACT_IDENTITY_CLAIM	EVIDENCE_SUFFICIENT_FOR_CANDIDATE_IDENTITY_ONLY	CANDIDATE_IDENTITY_ONLY_NO_PROVIDER_OR_TARGET_EFFECT	EXACT_ARTIFACT_IDENTITY_DOES_NOT_IMPLY_ADAPTATION_ACCEPTANCE_PROVIDER_AUTHORITY_OR_TARGET_MEMBERSHIP
PCC-LIBXKBCOMMON-ADAPTATION	ROOT	generic-root-review:778b62f6da21fd02f1bb	gpkg/libxkbcommon	ADAPTATION_SEMANTICS	REFERENCE_RECIPE_EQUIVALENCE_OR_BOUNDED_TERMUX_ANDROID_ADAPTATION	B	PINNED_TERMUX_GLIBC_RECIPE_TREE_AND_PINNED_UPSTREAM_SOURCE	EXACT_RECIPE_PATCH_HOOK_CONFIGURATION_AND_PACKAGING_DELTAS_RELIED_ON_BY_THE_PROJECT	CONCRETE_FILENAME_DRIFT;GUI_MULTI_CONSUMER;MATERIAL_RECIPE_DELTA	generic-root-review:778b62f6da21fd02f1bb;recipe_tree=5fda5da07e6b38230082785d352adc4e6fb9c4da;tokens=CUSTOM_TERMUX_STEP;generic-recipe-binding-and-drift-target-receipt-review.tsv;generic-build-attestation-adaptation-root-evidence-receipt-review.tsv	AD-001_AD-002_AD-003_AD-004_SEMANTIC_DELTA_NECESSITY_AND_OBJECT_IMPACT_REVIEW;CF-001_CF-002_CF-003_CF-004_ALIAS_SUCCESSOR_AND_ROLLBACK_POLICY	AGENT_SEMANTIC_DELTA_REVIEW_WITH_OBJECT_IMPACT_AND_PLATFORM_NECESSITY_CLASSIFICATION;REVIEW_CONSUMER_ALIAS_BINDING_AND_VERSION_DRIFT_POLICY	SUP-02_CUSTODIAN_EXPORT_UNLESS_RECLASSIFICATION_OR_ESCALATION_TRIGGER_REQUIRES_CLASS_C_DEPTH	SEMANTIC_REVIEW_CANNOT_BOUND_GENERATED_OUTPUT;OBSERVED_ARTIFACT_BEHAVIOR_CONFLICTS_WITH_RECIPE;CLAIM_RECLASSIFIED_AS_INDEPENDENT_REPRODUCTION;HIGH_RISK_OUTPUT_REMAINS_OPAQUE	CLASSIFIED_OPEN_REVIEW_REQUIRED	REVIEW_PLAN_ONLY_NO_ADAPTATION_OR_PROVIDER_ACCEPTANCE	RECIPE_TOKEN_PRESENCE_OR_ABSENCE_DOES_NOT_BY_ITSELF_ESTABLISH_PLATFORM_NECESSITY_OR_EQUIVALENCE
PCC-LIBXKBCOMMON-PROVIDER	ROOT	generic-root-review:778b62f6da21fd02f1bb	gpkg/libxkbcommon	PROVIDER_AUTHORITY	PACKAGE_MEMBERS_AUTHORIZED_AS_RUNTIME_PROVIDER_FOR_THEIR_CAPABILITY_SCOPE	B	AUTHORITATIVE_PACKAGE_MEMBERS_FOR_CAPABILITY_PARTITIONS=gtk-gui	PROJECT_SELECTION_AND_INTEGRATION_OF_REFERENCE_MEMBERS_IN_A_CUSTOM_MIXED_WORLD_APPLICATION_RUNTIME	CONCRETE_FILENAME_DRIFT;GUI_MULTI_CONSUMER;MATERIAL_RECIPE_DELTA	generic-root-review:778b62f6da21fd02f1bb;generic-artifact:e58eca6f9c0e0d068d80;generic-object-review:f7cd8d1f2115948790df;generic-artifact-member-comparison-artifacts.tsv;generic-recipe-binding-and-drift-target-receipt-review.tsv;authority-coverage-ledger.tsv;generic-source-authority-boundary.tsv;selected-object-authority-base.tsv	ADAPTATION_CLASSIFICATION;CAPABILITY_NECESSITY_AND_CONSUMER_BINDING;CONFLICT_AND_EXCLUSION_REVIEW;UPDATE_AND_ROLLBACK_BOUNDARY	CAPABILITY_LEVEL_PROVIDER_REVIEW_AFTER_ADAPTATION_CLASSIFICATION_WITH_TARGETED_PASSIVE_CONSUMER_BINDING_ONLY_WHERE_AMBIGUOUS	SUPPLIER_BUILD_PROVENANCE_AS_A_SUBSTITUTE_FOR_PROVIDER_SELECTION_OR_RUNTIME_BINDING	AMBIGUOUS_CONSUMER_BINDING;ABI_OR_SECURITY_CONFLICT;MULTIPLE_NON_EQUIVALENT_PROVIDER_CANDIDATES;NO_OBSERVABLE_FALLBACK;ARTIFACT_MEMBER_RECIPE_OR_CONSUMER_BINDING_CHANGE	CLASSIFIED_OPEN_PROVIDER_AUTHORITY_NOT_ACCEPTED	NO_PROVIDER_COMPOSITION_TARGET_OR_ACTIVATION_EFFECT	PACKAGE_MEMBER_AND_RECIPE_EVIDENCE_DO_NOT_IMPLY_PROVIDER_AUTHORITY_OR_COMPLETE_RUNTIME_COMPOSITION
PCC-MESA-ARTIFACT	ROOT	generic-root-review:3d9be682f93850cf8f44	gpkg/mesa	ARTIFACT_IDENTITY	EXACT_REFERENCE_ARTIFACT_AND_NAMED_MEMBER_CANDIDATE_IDENTITY	A	AUTHORITATIVE_TERMUX_GLIBC_PACKAGE_REPOSITORY_ARTIFACT	ACQUIRE_RETAIN_HASH_AND_BIND_NAMED_MEMBERS_WITHOUT_RECONSTRUCTING_SUPPLIER_BUILD_HISTORY	GPU_ABI_OR_MEMORY_SAFETY;MATERIAL_RECIPE_DELTA;MULTI_OBJECT_ROOT	generic-root-review:3d9be682f93850cf8f44;generic-artifact:f45523463ae7a6b19c5c;generic-artifact:fc88e9a3b2ca583b6398;generic-object-review:5207928d6f9460b95d6d;generic-object-review:d87c86abe4990b7ac346;generic-object-review:f571857f3fb7afa01572;generic-artifact-member-comparison-artifacts.tsv;generic-recipe-binding-and-drift-target-receipt-review.tsv	NONE_FOR_EXACT_CANDIDATE_ARTIFACT_AND_NAMED_MEMBER_IDENTITY	NONE_RETAIN_EXACT_ARTIFACT_AND_MEMBER_DIGESTS_AT_TRANSFER	CUSTODIAN_BUILD_INVOCATION;FULL_BUILD_ENVIRONMENT;INDEPENDENT_REPRODUCTION	ARTIFACT_DIGEST_MISMATCH;MEMBER_OR_SONAME_MISMATCH;SUPPLIER_OPACITY_AFFECTING_THE_EXACT_IDENTITY_CLAIM	EVIDENCE_SUFFICIENT_FOR_CANDIDATE_IDENTITY_ONLY	CANDIDATE_IDENTITY_ONLY_NO_PROVIDER_OR_TARGET_EFFECT	EXACT_ARTIFACT_IDENTITY_DOES_NOT_IMPLY_ADAPTATION_ACCEPTANCE_PROVIDER_AUTHORITY_OR_TARGET_MEMBERSHIP
PCC-MESA-ADAPTATION	ROOT	generic-root-review:3d9be682f93850cf8f44	gpkg/mesa	ADAPTATION_SEMANTICS	REFERENCE_RECIPE_EQUIVALENCE_OR_BOUNDED_TERMUX_ANDROID_ADAPTATION	B	PINNED_TERMUX_GLIBC_RECIPE_TREE_AND_PINNED_UPSTREAM_SOURCE	EXACT_RECIPE_PATCH_HOOK_CONFIGURATION_AND_PACKAGING_DELTAS_RELIED_ON_BY_THE_PROJECT	GPU_ABI_OR_MEMORY_SAFETY;MATERIAL_RECIPE_DELTA;MULTI_OBJECT_ROOT	generic-root-review:3d9be682f93850cf8f44;recipe_tree=722eafd0258762f44c50228b3b66cc7a29cfcb3e;tokens=CUSTOM_TERMUX_STEP;EXTRA_CONFIGURE_ARGS;PACKAGE_REVISION;PATCH_FILE;SUBPACKAGE_SCRIPT;TERMUX_PREFIX_REFERENCE;generic-recipe-binding-and-drift-target-receipt-review.tsv;generic-build-attestation-adaptation-root-evidence-receipt-review.tsv	AD-001_AD-002_AD-003_AD-004_SEMANTIC_DELTA_NECESSITY_AND_OBJECT_IMPACT_REVIEW	AGENT_SEMANTIC_DELTA_REVIEW_WITH_OBJECT_IMPACT_AND_PLATFORM_NECESSITY_CLASSIFICATION	SUP-02_CUSTODIAN_EXPORT_UNLESS_RECLASSIFICATION_OR_ESCALATION_TRIGGER_REQUIRES_CLASS_C_DEPTH	SEMANTIC_REVIEW_CANNOT_BOUND_GENERATED_OUTPUT;OBSERVED_ARTIFACT_BEHAVIOR_CONFLICTS_WITH_RECIPE;CLAIM_RECLASSIFIED_AS_INDEPENDENT_REPRODUCTION;HIGH_RISK_OUTPUT_REMAINS_OPAQUE	CLASSIFIED_OPEN_REVIEW_REQUIRED	REVIEW_PLAN_ONLY_NO_ADAPTATION_OR_PROVIDER_ACCEPTANCE	RECIPE_TOKEN_PRESENCE_OR_ABSENCE_DOES_NOT_BY_ITSELF_ESTABLISH_PLATFORM_NECESSITY_OR_EQUIVALENCE
PCC-MESA-PROVIDER	ROOT	generic-root-review:3d9be682f93850cf8f44	gpkg/mesa	PROVIDER_AUTHORITY	PACKAGE_MEMBERS_AUTHORIZED_AS_RUNTIME_PROVIDER_FOR_THEIR_CAPABILITY_SCOPE	B	AUTHORITATIVE_PACKAGE_MEMBERS_FOR_CAPABILITY_PARTITIONS=graphics	PROJECT_SELECTION_AND_INTEGRATION_OF_REFERENCE_MEMBERS_IN_A_CUSTOM_MIXED_WORLD_APPLICATION_RUNTIME	GPU_ABI_OR_MEMORY_SAFETY;MATERIAL_RECIPE_DELTA;MULTI_OBJECT_ROOT	generic-root-review:3d9be682f93850cf8f44;generic-artifact:f45523463ae7a6b19c5c;generic-artifact:fc88e9a3b2ca583b6398;generic-object-review:5207928d6f9460b95d6d;generic-object-review:d87c86abe4990b7ac346;generic-object-review:f571857f3fb7afa01572;generic-artifact-member-comparison-artifacts.tsv;generic-recipe-binding-and-drift-target-receipt-review.tsv;authority-coverage-ledger.tsv;generic-source-authority-boundary.tsv;selected-object-authority-base.tsv	ADAPTATION_CLASSIFICATION;CAPABILITY_NECESSITY_AND_CONSUMER_BINDING;CONFLICT_AND_EXCLUSION_REVIEW;UPDATE_AND_ROLLBACK_BOUNDARY	CAPABILITY_LEVEL_PROVIDER_REVIEW_AFTER_ADAPTATION_CLASSIFICATION_WITH_TARGETED_PASSIVE_CONSUMER_BINDING_ONLY_WHERE_AMBIGUOUS	SUPPLIER_BUILD_PROVENANCE_AS_A_SUBSTITUTE_FOR_PROVIDER_SELECTION_OR_RUNTIME_BINDING	AMBIGUOUS_CONSUMER_BINDING;ABI_OR_SECURITY_CONFLICT;MULTIPLE_NON_EQUIVALENT_PROVIDER_CANDIDATES;NO_OBSERVABLE_FALLBACK;ARTIFACT_MEMBER_RECIPE_OR_CONSUMER_BINDING_CHANGE	CLASSIFIED_OPEN_PROVIDER_AUTHORITY_NOT_ACCEPTED	NO_PROVIDER_COMPOSITION_TARGET_OR_ACTIVATION_EFFECT	PACKAGE_MEMBER_AND_RECIPE_EVIDENCE_DO_NOT_IMPLY_PROVIDER_AUTHORITY_OR_COMPLETE_RUNTIME_COMPOSITION
PCC-P11-KIT-ARTIFACT	ROOT	generic-root-review:4a78f00ce210555e73bc	gpkg/p11-kit	ARTIFACT_IDENTITY	EXACT_REFERENCE_ARTIFACT_AND_NAMED_MEMBER_CANDIDATE_IDENTITY	A	AUTHORITATIVE_TERMUX_GLIBC_PACKAGE_REPOSITORY_ARTIFACT	ACQUIRE_RETAIN_HASH_AND_BIND_NAMED_MEMBERS_WITHOUT_RECONSTRUCTING_SUPPLIER_BUILD_HISTORY	CONFIGURATION_OR_PACKAGING_DELTA;SERVICE_TLS_OR_NETWORK_INTEGRATION	generic-root-review:4a78f00ce210555e73bc;generic-artifact:66a84ee486990761f3d2;generic-object-review:e0e8124cbdfc02fed759;generic-artifact-member-comparison-artifacts.tsv;generic-recipe-binding-and-drift-target-receipt-review.tsv	NONE_FOR_EXACT_CANDIDATE_ARTIFACT_AND_NAMED_MEMBER_IDENTITY	NONE_RETAIN_EXACT_ARTIFACT_AND_MEMBER_DIGESTS_AT_TRANSFER	CUSTODIAN_BUILD_INVOCATION;FULL_BUILD_ENVIRONMENT;INDEPENDENT_REPRODUCTION	ARTIFACT_DIGEST_MISMATCH;MEMBER_OR_SONAME_MISMATCH;SUPPLIER_OPACITY_AFFECTING_THE_EXACT_IDENTITY_CLAIM	EVIDENCE_SUFFICIENT_FOR_CANDIDATE_IDENTITY_ONLY	CANDIDATE_IDENTITY_ONLY_NO_PROVIDER_OR_TARGET_EFFECT	EXACT_ARTIFACT_IDENTITY_DOES_NOT_IMPLY_ADAPTATION_ACCEPTANCE_PROVIDER_AUTHORITY_OR_TARGET_MEMBERSHIP
PCC-P11-KIT-ADAPTATION	ROOT	generic-root-review:4a78f00ce210555e73bc	gpkg/p11-kit	ADAPTATION_SEMANTICS	REFERENCE_RECIPE_EQUIVALENCE_OR_BOUNDED_TERMUX_ANDROID_ADAPTATION	B	PINNED_TERMUX_GLIBC_RECIPE_TREE_AND_PINNED_UPSTREAM_SOURCE	EXACT_RECIPE_PATCH_HOOK_CONFIGURATION_AND_PACKAGING_DELTAS_RELIED_ON_BY_THE_PROJECT	CONFIGURATION_OR_PACKAGING_DELTA;SERVICE_TLS_OR_NETWORK_INTEGRATION	generic-root-review:4a78f00ce210555e73bc;recipe_tree=ad0661176a924458c36e3d6243aa83a52fe0fd55;tokens=EXTRA_CONFIGURE_ARGS;TERMUX_PREFIX_REFERENCE;generic-recipe-binding-and-drift-target-receipt-review.tsv;generic-build-attestation-adaptation-root-evidence-receipt-review.tsv	AD-001_AD-002_AD-003_AD-004_SEMANTIC_DELTA_NECESSITY_AND_OBJECT_IMPACT_REVIEW	AGENT_SEMANTIC_DELTA_REVIEW_WITH_OBJECT_IMPACT_AND_PLATFORM_NECESSITY_CLASSIFICATION	SUP-02_CUSTODIAN_EXPORT_UNLESS_RECLASSIFICATION_OR_ESCALATION_TRIGGER_REQUIRES_CLASS_C_DEPTH	SEMANTIC_REVIEW_CANNOT_BOUND_GENERATED_OUTPUT;OBSERVED_ARTIFACT_BEHAVIOR_CONFLICTS_WITH_RECIPE;CLAIM_RECLASSIFIED_AS_INDEPENDENT_REPRODUCTION;HIGH_RISK_OUTPUT_REMAINS_OPAQUE	CLASSIFIED_OPEN_REVIEW_REQUIRED	REVIEW_PLAN_ONLY_NO_ADAPTATION_OR_PROVIDER_ACCEPTANCE	RECIPE_TOKEN_PRESENCE_OR_ABSENCE_DOES_NOT_BY_ITSELF_ESTABLISH_PLATFORM_NECESSITY_OR_EQUIVALENCE
PCC-P11-KIT-PROVIDER	ROOT	generic-root-review:4a78f00ce210555e73bc	gpkg/p11-kit	PROVIDER_AUTHORITY	PACKAGE_MEMBERS_AUTHORIZED_AS_RUNTIME_PROVIDER_FOR_THEIR_CAPABILITY_SCOPE	B	AUTHORITATIVE_PACKAGE_MEMBERS_FOR_CAPABILITY_PARTITIONS=printing	PROJECT_SELECTION_AND_INTEGRATION_OF_REFERENCE_MEMBERS_IN_A_CUSTOM_MIXED_WORLD_APPLICATION_RUNTIME	CONFIGURATION_OR_PACKAGING_DELTA;SERVICE_TLS_OR_NETWORK_INTEGRATION	generic-root-review:4a78f00ce210555e73bc;generic-artifact:66a84ee486990761f3d2;generic-object-review:e0e8124cbdfc02fed759;generic-artifact-member-comparison-artifacts.tsv;generic-recipe-binding-and-drift-target-receipt-review.tsv;authority-coverage-ledger.tsv;generic-source-authority-boundary.tsv;selected-object-authority-base.tsv	ADAPTATION_CLASSIFICATION;CAPABILITY_NECESSITY_AND_CONSUMER_BINDING;CONFLICT_AND_EXCLUSION_REVIEW;UPDATE_AND_ROLLBACK_BOUNDARY	CAPABILITY_LEVEL_PROVIDER_REVIEW_AFTER_ADAPTATION_CLASSIFICATION_WITH_TARGETED_PASSIVE_CONSUMER_BINDING_ONLY_WHERE_AMBIGUOUS	SUPPLIER_BUILD_PROVENANCE_AS_A_SUBSTITUTE_FOR_PROVIDER_SELECTION_OR_RUNTIME_BINDING	AMBIGUOUS_CONSUMER_BINDING;ABI_OR_SECURITY_CONFLICT;MULTIPLE_NON_EQUIVALENT_PROVIDER_CANDIDATES;NO_OBSERVABLE_FALLBACK;ARTIFACT_MEMBER_RECIPE_OR_CONSUMER_BINDING_CHANGE	CLASSIFIED_OPEN_PROVIDER_AUTHORITY_NOT_ACCEPTED	NO_PROVIDER_COMPOSITION_TARGET_OR_ACTIVATION_EFFECT	PACKAGE_MEMBER_AND_RECIPE_EVIDENCE_DO_NOT_IMPLY_PROVIDER_AUTHORITY_OR_COMPLETE_RUNTIME_COMPOSITION
PCC-PANGO-ARTIFACT	ROOT	generic-root-review:0dacddae106c6bd1006b	gpkg/pango	ARTIFACT_IDENTITY	EXACT_REFERENCE_ARTIFACT_AND_NAMED_MEMBER_CANDIDATE_IDENTITY	A	AUTHORITATIVE_TERMUX_GLIBC_PACKAGE_REPOSITORY_ARTIFACT	ACQUIRE_RETAIN_HASH_AND_BIND_NAMED_MEMBERS_WITHOUT_RECONSTRUCTING_SUPPLIER_BUILD_HISTORY	CONCRETE_FILENAME_DRIFT;GUI_MULTI_CONSUMER;MULTI_OBJECT_ROOT;NO_EXPLICIT_DELTA_TOKEN	generic-root-review:0dacddae106c6bd1006b;generic-artifact:7fdbef58f2a4fff712db;generic-object-review:014a5a9607c33528a746;generic-object-review:73f453d78aa059fd9048;generic-object-review:e6ef5a2c907136047cd8;generic-artifact-member-comparison-artifacts.tsv;generic-recipe-binding-and-drift-target-receipt-review.tsv	NONE_FOR_EXACT_CANDIDATE_ARTIFACT_AND_NAMED_MEMBER_IDENTITY	NONE_RETAIN_EXACT_ARTIFACT_AND_MEMBER_DIGESTS_AT_TRANSFER	CUSTODIAN_BUILD_INVOCATION;FULL_BUILD_ENVIRONMENT;INDEPENDENT_REPRODUCTION	ARTIFACT_DIGEST_MISMATCH;MEMBER_OR_SONAME_MISMATCH;SUPPLIER_OPACITY_AFFECTING_THE_EXACT_IDENTITY_CLAIM	EVIDENCE_SUFFICIENT_FOR_CANDIDATE_IDENTITY_ONLY	CANDIDATE_IDENTITY_ONLY_NO_PROVIDER_OR_TARGET_EFFECT	EXACT_ARTIFACT_IDENTITY_DOES_NOT_IMPLY_ADAPTATION_ACCEPTANCE_PROVIDER_AUTHORITY_OR_TARGET_MEMBERSHIP
PCC-PANGO-ADAPTATION	ROOT	generic-root-review:0dacddae106c6bd1006b	gpkg/pango	ADAPTATION_SEMANTICS	REFERENCE_RECIPE_EQUIVALENCE_OR_BOUNDED_TERMUX_ANDROID_ADAPTATION	A	PINNED_TERMUX_GLIBC_RECIPE_TREE_AND_PINNED_UPSTREAM_SOURCE	PACKAGE_SOURCE_PIN_AND_DEPENDENCY_METADATA_ONLY;NO_PACKAGE_SPECIFIC_SOURCE_OR_BUILD_SEMANTIC_CHANGE	CONCRETE_FILENAME_DRIFT;GUI_MULTI_CONSUMER;MULTI_OBJECT_ROOT;NO_EXPLICIT_DELTA_TOKEN	generic-root-review:0dacddae106c6bd1006b;recipe_tree=f9e9e2303e2c91322f7edcf1bc0c3b99f2d1d74a;tokens=NONE_DECLARED;generic-recipe-binding-and-drift-target-receipt-review.tsv;generic-build-attestation-adaptation-root-evidence-receipt-review.tsv;no-token-recipe-semantic-review.tsv;NTR-007	NONE_FOR_PACKAGE_SPECIFIC_RECIPE_ADAPTATION_CLASSIFICATION	PROCEED_TO_BOUNDED_PROVIDER_AUTHORITY_REVIEW_WITHOUT_SUPPLIER_BUILD_RECONSTRUCTION	SUP-02_CUSTODIAN_EXPORT_UNLESS_RECLASSIFICATION_OR_ESCALATION_TRIGGER_REQUIRES_CLASS_C_DEPTH	SEMANTIC_REVIEW_CANNOT_BOUND_GENERATED_OUTPUT;OBSERVED_ARTIFACT_BEHAVIOR_CONFLICTS_WITH_RECIPE;CLAIM_RECLASSIFIED_AS_INDEPENDENT_REPRODUCTION;HIGH_RISK_OUTPUT_REMAINS_OPAQUE	CLASS_A_CONFIRMED_RECIPE_SEMANTIC_REVIEW_COMPLETE	ADAPTATION_CLASSIFICATION_ONLY_NO_PROVIDER_COMPOSITION_TARGET_OR_ACTIVATION_EFFECT	RECIPE_TOKEN_PRESENCE_OR_ABSENCE_DOES_NOT_BY_ITSELF_ESTABLISH_PLATFORM_NECESSITY_OR_EQUIVALENCE
PCC-PANGO-PROVIDER	ROOT	generic-root-review:0dacddae106c6bd1006b	gpkg/pango	PROVIDER_AUTHORITY	PACKAGE_MEMBERS_AUTHORIZED_AS_RUNTIME_PROVIDER_FOR_THEIR_CAPABILITY_SCOPE	B	AUTHORITATIVE_PACKAGE_MEMBERS_FOR_CAPABILITY_PARTITIONS=gtk-gui	PROJECT_SELECTION_AND_INTEGRATION_OF_REFERENCE_MEMBERS_IN_A_CUSTOM_MIXED_WORLD_APPLICATION_RUNTIME	CONCRETE_FILENAME_DRIFT;GUI_MULTI_CONSUMER;MULTI_OBJECT_ROOT;NO_EXPLICIT_DELTA_TOKEN	generic-root-review:0dacddae106c6bd1006b;generic-artifact:7fdbef58f2a4fff712db;generic-object-review:014a5a9607c33528a746;generic-object-review:73f453d78aa059fd9048;generic-object-review:e6ef5a2c907136047cd8;generic-artifact-member-comparison-artifacts.tsv;generic-recipe-binding-and-drift-target-receipt-review.tsv;authority-coverage-ledger.tsv;generic-source-authority-boundary.tsv;selected-object-authority-base.tsv;pango-reference-consumed-provider-authority.tsv;PANGO-PROV-001	NONE_FOR_BOUNDED_PANGO_PROVIDER_AUTHORITY_AND_CF_001_CF_004_CONTINUITY_POLICY	RETAIN_BOUNDED_PROVIDER_AUTHORITY_AND_REVALIDATE_ON_RECORDED_UPDATE_OR_ROLLBACK_TRIGGER	SUPPLIER_BUILD_PROVENANCE_AS_A_SUBSTITUTE_FOR_PROVIDER_SELECTION_OR_RUNTIME_BINDING	AMBIGUOUS_CONSUMER_BINDING;ABI_OR_SECURITY_CONFLICT;MULTIPLE_NON_EQUIVALENT_PROVIDER_CANDIDATES;NO_OBSERVABLE_FALLBACK;ARTIFACT_MEMBER_RECIPE_OR_CONSUMER_BINDING_CHANGE	BOUNDED_PROVIDER_AUTHORITY_ACCEPTED	EXACT_PANGO_THREE_MEMBER_PROVIDER_FAMILY_ACCEPTED_FOR_SELECTED_GTK_3_24_49_TEXT_FREETYPE_FONTCONFIG_AND_CAIRO_SCOPE_ONLY_NO_COMPOSITION_TARGET_OR_ACTIVATION_EFFECT	DOES_NOT_ACCEPT_ORACLE_CONCRETE_FILENAMES_AS_TARGET_PATHS_UNVERSIONED_DEVELOPMENT_ALIASES_PANGOXFT_COMPLETE_TEXT_OR_GTK_COMPOSITION_DEPENDENCY_PROVIDER_AUTHORITY_TARGET_POPULATION_MATERIALIZATION_OR_ACTIVATION
PCC-UTIL-LINUX-ARTIFACT	ROOT	generic-root-review:6ea790cafac47e460e89	gpkg/util-linux	ARTIFACT_IDENTITY	EXACT_REFERENCE_ARTIFACT_AND_NAMED_MEMBER_CANDIDATE_IDENTITY	A	AUTHORITATIVE_TERMUX_GLIBC_PACKAGE_REPOSITORY_ARTIFACT	ACQUIRE_RETAIN_HASH_AND_BIND_NAMED_MEMBERS_WITHOUT_RECONSTRUCTING_SUPPLIER_BUILD_HISTORY	GUI_MULTI_CONSUMER;MATERIAL_RECIPE_DELTA	generic-root-review:6ea790cafac47e460e89;generic-artifact:9004e88a9f43b2d5cf74;generic-object-review:7918fdccfdd1e2e68d05;generic-artifact-member-comparison-artifacts.tsv;generic-recipe-binding-and-drift-target-receipt-review.tsv	NONE_FOR_EXACT_CANDIDATE_ARTIFACT_AND_NAMED_MEMBER_IDENTITY	NONE_RETAIN_EXACT_ARTIFACT_AND_MEMBER_DIGESTS_AT_TRANSFER	CUSTODIAN_BUILD_INVOCATION;FULL_BUILD_ENVIRONMENT;INDEPENDENT_REPRODUCTION	ARTIFACT_DIGEST_MISMATCH;MEMBER_OR_SONAME_MISMATCH;SUPPLIER_OPACITY_AFFECTING_THE_EXACT_IDENTITY_CLAIM	EVIDENCE_SUFFICIENT_FOR_CANDIDATE_IDENTITY_ONLY	CANDIDATE_IDENTITY_ONLY_NO_PROVIDER_OR_TARGET_EFFECT	EXACT_ARTIFACT_IDENTITY_DOES_NOT_IMPLY_ADAPTATION_ACCEPTANCE_PROVIDER_AUTHORITY_OR_TARGET_MEMBERSHIP
PCC-UTIL-LINUX-ADAPTATION	ROOT	generic-root-review:6ea790cafac47e460e89	gpkg/util-linux	ADAPTATION_SEMANTICS	REFERENCE_RECIPE_EQUIVALENCE_OR_BOUNDED_TERMUX_ANDROID_ADAPTATION	B	PINNED_TERMUX_GLIBC_RECIPE_TREE_AND_PINNED_UPSTREAM_SOURCE	EXACT_RECIPE_PATCH_HOOK_CONFIGURATION_AND_PACKAGING_DELTAS_RELIED_ON_BY_THE_PROJECT	GUI_MULTI_CONSUMER;MATERIAL_RECIPE_DELTA	generic-root-review:6ea790cafac47e460e89;recipe_tree=e91a0c476ef4355dbfff46e2bcab23d0085ddd01;tokens=CUSTOM_TERMUX_STEP;EXTRA_CONFIGURE_ARGS;PACKAGE_REVISION;PATCH_FILE;SUBPACKAGE_SCRIPT;TERMUX_PREFIX_REFERENCE;generic-recipe-binding-and-drift-target-receipt-review.tsv;generic-build-attestation-adaptation-root-evidence-receipt-review.tsv	AD-001_AD-002_AD-003_AD-004_SEMANTIC_DELTA_NECESSITY_AND_OBJECT_IMPACT_REVIEW	AGENT_SEMANTIC_DELTA_REVIEW_WITH_OBJECT_IMPACT_AND_PLATFORM_NECESSITY_CLASSIFICATION	SUP-02_CUSTODIAN_EXPORT_UNLESS_RECLASSIFICATION_OR_ESCALATION_TRIGGER_REQUIRES_CLASS_C_DEPTH	SEMANTIC_REVIEW_CANNOT_BOUND_GENERATED_OUTPUT;OBSERVED_ARTIFACT_BEHAVIOR_CONFLICTS_WITH_RECIPE;CLAIM_RECLASSIFIED_AS_INDEPENDENT_REPRODUCTION;HIGH_RISK_OUTPUT_REMAINS_OPAQUE	CLASSIFIED_OPEN_REVIEW_REQUIRED	REVIEW_PLAN_ONLY_NO_ADAPTATION_OR_PROVIDER_ACCEPTANCE	RECIPE_TOKEN_PRESENCE_OR_ABSENCE_DOES_NOT_BY_ITSELF_ESTABLISH_PLATFORM_NECESSITY_OR_EQUIVALENCE
PCC-UTIL-LINUX-PROVIDER	ROOT	generic-root-review:6ea790cafac47e460e89	gpkg/util-linux	PROVIDER_AUTHORITY	PACKAGE_MEMBERS_AUTHORIZED_AS_RUNTIME_PROVIDER_FOR_THEIR_CAPABILITY_SCOPE	B	AUTHORITATIVE_PACKAGE_MEMBERS_FOR_CAPABILITY_PARTITIONS=gtk-gui	PROJECT_SELECTION_AND_INTEGRATION_OF_REFERENCE_MEMBERS_IN_A_CUSTOM_MIXED_WORLD_APPLICATION_RUNTIME	GUI_MULTI_CONSUMER;MATERIAL_RECIPE_DELTA	generic-root-review:6ea790cafac47e460e89;generic-artifact:9004e88a9f43b2d5cf74;generic-object-review:7918fdccfdd1e2e68d05;generic-artifact-member-comparison-artifacts.tsv;generic-recipe-binding-and-drift-target-receipt-review.tsv;authority-coverage-ledger.tsv;generic-source-authority-boundary.tsv;selected-object-authority-base.tsv	ADAPTATION_CLASSIFICATION;CAPABILITY_NECESSITY_AND_CONSUMER_BINDING;CONFLICT_AND_EXCLUSION_REVIEW;UPDATE_AND_ROLLBACK_BOUNDARY	CAPABILITY_LEVEL_PROVIDER_REVIEW_AFTER_ADAPTATION_CLASSIFICATION_WITH_TARGETED_PASSIVE_CONSUMER_BINDING_ONLY_WHERE_AMBIGUOUS	SUPPLIER_BUILD_PROVENANCE_AS_A_SUBSTITUTE_FOR_PROVIDER_SELECTION_OR_RUNTIME_BINDING	AMBIGUOUS_CONSUMER_BINDING;ABI_OR_SECURITY_CONFLICT;MULTIPLE_NON_EQUIVALENT_PROVIDER_CANDIDATES;NO_OBSERVABLE_FALLBACK;ARTIFACT_MEMBER_RECIPE_OR_CONSUMER_BINDING_CHANGE	CLASSIFIED_OPEN_PROVIDER_AUTHORITY_NOT_ACCEPTED	NO_PROVIDER_COMPOSITION_TARGET_OR_ACTIVATION_EFFECT	PACKAGE_MEMBER_AND_RECIPE_EVIDENCE_DO_NOT_IMPLY_PROVIDER_AUTHORITY_OR_COMPLETE_RUNTIME_COMPOSITION
PCC-OJ-001-REQUIRED-OBJECT	OBJECT_REQUIREMENT	OJ-001	libjpeg.so.62	OBJECT_REQUIREMENT_IDENTITY	AUTHORITATIVE_REQUIRED_SONAME_AND_EXACT_PROVIDER_CANDIDATE	A	AUTHORITATIVE_WORKLOAD_OR_REFERENCE_REQUIREMENT	PROJECT_INTERPRETATION_OF_THE_REQUIRED_RUNTIME_IDENTITY	ABI_FAMILY_SUBSTITUTION;GUI_IMAGE_DECODING	0157_SUP-01_RESPONSE;0158_SUP-01_RESPONSE_REVIEW;libjpeg.so.8_SUBSTITUTION_REJECTED;libjpeg-so-62-provider-candidate-disposition.tsv;LIBJPEG-OJ-001-DISP-001;libjpeg-so-62-compatibility-provider-candidate-result-review.tsv;LIBJPEG-OJ-001-CAND-001;libjpeg-so-62-runpath-free-compatibility-provider-candidate-result-review.tsv;LIBJPEG-OJ-001-CAND-002;libjpeg-so-62-gdkpixbuf-consumer-binding-result-review.tsv;LIBJPEG-OJ-001-CONSUMER-001;libjpeg-so-62-gdkpixbuf-diagnostic-matrix-result-review.tsv;LIBJPEG-OJ-001-DIAGNOSTIC-001	NONE_FOR_REQUIRED_SONAME_EXACT_CANDIDATE_IDENTITY_AND_BOUNDED_PROVIDER_AUTHORITY	RETAIN_EXACT_CANDIDATE_AND_BOUNDED_PROVIDER_DECISION_COORDINATES	SUP-02_BUILD_ATTESTATION_FOR_THE_WRONG_ABI_FAMILY;LIBJPEG_SO_8_ALIAS_OR_SUBSTITUTION	COMPATIBILITY_CANDIDATE_OUTPUT_DIFFERS_FROM_EXPECTED_SONAME_OR_SOURCE_BUILD_COORDINATES	RUNPATH_FREE_EXACT_CANDIDATE_AND_BOUNDED_PROVIDER_AUTHORITY_ACCEPTED	OBJECT_REQUIREMENT_CANDIDATE_IDENTITY_AND_BOUNDED_GDKPIXBUF_JPEG_PROVIDER_AUTHORITY_ONLY_NO_COMPOSITION_TARGET_OR_ACTIVATION_EFFECT	A_BUILD_RECORD_FOR_LIBJPEG_SO_8_CANNOT_SATISFY_A_LIBJPEG_SO_62_REQUIREMENT
PCC-GLOBAL-BUILD-PROVENANCE	GLOBAL	SUPPLIER_BUILD_PROVENANCE	producing-build equivalence or independent reproduction	BUILD_PROVENANCE	DIGEST_BOUND_PRODUCING_BUILD_OR_INDEPENDENT_REPRODUCTION_CLAIM	C	EXACT_PRODUCING_ENVIRONMENT_OR_PROJECT_REPRODUCTION_BOUNDARY	EXACT_LIBJPEG_TURBO_3_1_0_V6B_SHARED_BUILD_WITH_RECORDED_TERMUX_GLIBC_TOOLCHAIN_AND_RPATH_SUPPRESSION	GUI_IMAGE_DECODING;PROJECT_PRODUCED_ARTIFACT;BOUNDED_REVERSIBLE_NON_INSTALLED_CANDIDATE	libjpeg-so-62-runpath-free-compatibility-provider-candidate-result-review.tsv;LIBJPEG-OJ-001-CAND-002;libjpeg-so-62-gdkpixbuf-consumer-binding-result-review.tsv;LIBJPEG-OJ-001-CONSUMER-001;libjpeg-so-62-gdkpixbuf-diagnostic-matrix-result-review.tsv;LIBJPEG-OJ-001-DIAGNOSTIC-001;SOURCE_BUILD_COMMAND_TOOLCHAIN_OUTPUT_MANIFEST_ELF_AND_SYMBOL_VERSION_EVIDENCE	NONE_FOR_ACTIVE_LIBJPEG_CLASS_C_PRODUCING_RECORD_AND_BOUNDED_FUNCTIONAL_EQUIVALENCE	RETAIN_EXACT_SOURCE_BUILD_ELF_LOADER_MATRIX_AND_OUTPUT_DIGEST_COORDINATES	BLANKET_CUSTODIAN_EXPORTS_FOR_ALL_REFERENCE_CONSUMED_OR_REFERENCE_ADAPTED_ROOTS	CLASS_C_RECLASSIFICATION;ARTIFACT_RECIPE_MISMATCH;OPAQUE_HIGH_RISK_GENERATED_OUTPUT;UNRESOLVED_SUPPLIER_CLAIM_REQUIRED_FOR_A_SPECIFIC_PROMOTION	ACTIVE_CLASS_C_PRODUCING_RECORD_AND_BOUNDED_FUNCTIONAL_EQUIVALENCE_ACCEPTED	PRODUCING_RECORD_ONLY_NO_PROVIDER_COMPOSITION_TARGET_OR_ACTIVATION_EFFECT	IMPLEMENTED_PRODUCER_OR_ISSUED_REQUEST_DOES_NOT_CREATE_A_BUILD_ATTESTATION
PCC-GLOBAL-COMPOSITION	GLOBAL	APPLICATION_RUNTIME_COMPOSITION	selected Obsidian provider composition	COMPOSITION	COMPLETE_NON_CONFLICTING_APPLICATION_RUNTIME_PROVIDER_SET	D	REFERENCE_COMPONENTS_WITH_PROJECT_AUTHORED_COMPOSITION	CAPABILITY_COVERAGE_EXCLUSIONS_ORDERING_ALIAS_POLICY_AND_MIXED_WORLD_COMPOSITION	BROAD_RUNTIME_BLAST_RADIUS;MULTI_PROVIDER_CONFLICT;WEAK_GLOBAL_OBSERVABILITY	authority-coverage-ledger.tsv;world-lifecycle-authority-boundary.tsv;application-authority-boundary.tsv;selected-provider-composition-members.tsv;selected-provider-composition-gaps.tsv;selected-provider-composition-metadata.tsv	21_SELECTED_GTK_PROVIDER_IDENTITIES_WITHOUT_ACCEPTED_PROVIDER_ROWS;GDKPIXBUF_EXACT_UTIL_LINUX_PROVIDER_BINDING;LATER_GTK_RENDERING_ACCESSIBILITY_AND_PLATFORM_TRANCHES	ACQUIRE_AND_VALIDATE_EXACT_OFFICIAL_LIBMOUNT_LIBBLKID_BINDING_BEFORE_RECONSIDERING_COMPOSITION_ACCEPTANCE	PACKAGE_WIDE_INFERENCE;SUCCESSFUL_HISTORICAL_LAUNCH;SUPPLIER_BUILD_ATTESTATION_AS_COMPOSITION_PROOF	PROVIDER_CLAIMS_ACCEPTED_FOR_A_BOUNDED_CAPABILITY_SET	REVIEWED_BLOCKED_INCOMPLETE	COMPOSITION_REVIEW_COMPLETED_NO_ACCEPTANCE_TARGET_OR_ACTIVATION_EFFECT	INDIVIDUAL_PROVIDER_ACCEPTANCE_DOES_NOT_IMPLY_COMPLETE_COMPOSITION
PCC-GLOBAL-TARGET	GLOBAL	TARGET_POPULATION	selected-generation target population	TARGET_POPULATION	EXACT_OBJECTS_DATA_ALIASES_AND_PATHS_AUTHORIZED_FOR_TARGET_LAYOUT	D	ACCEPTED_PROVIDER_AND_COMPOSITION_INPUTS	PROJECT_AUTHORED_TARGET_PATH_ALIAS_COLLISION_AND_MATERIALIZATION_POLICY	FILESYSTEM_COLLISION;ABI_ALIAS_DRIFT;ROLLBACK_AND_REPRODUCIBILITY	TARGET_LAYOUT_SCHEMA_ONLY_PASS;OBJECT_MEMBER_CANDIDATE_EVIDENCE	ACCEPTED_PROVIDER_SET;ACCEPTED_COMPOSITION;DRY_RUN_MANIFEST;COLLISION_AND_ALIAS_VALIDATION	GENERATE_AND_REVIEW_A_NON_MUTATING_TARGET_MANIFEST_ONLY_AFTER_COMPOSITION_ACCEPTANCE	DIRECT_EXTRACTION_OR_COPY_BEFORE_TARGET_REVIEW	BOUNDED_COMPOSITION_ACCEPTED	CLASSIFIED_OPEN_BLOCKED	NO_TARGET_POPULATION_OR_ACTIVATION_EFFECT	PROVIDER_AUTHORITY_DOES_NOT_IMPLY_TARGET_MEMBERSHIP_OR_PATH_CHOICE
PCC-GLOBAL-ACTIVATION	GLOBAL	SELECTED_GENERATION_ACTIVATION	activate successor selected generation	ACTIVATION	RUNTIME_SELECTION_ACCEPTANCE_WITH_OBSERVABILITY_AND_ROLLBACK	D	VERIFIED_MATERIALIZED_TARGET_AND_PROMOTED_LAUNCHER_CONTRACT	ACTIVATION_SELECTOR_RUNTIME_ENVIRONMENT_OBSERVABILITY_AND_ROLLBACK	USER_VISIBLE_RUNTIME_CHANGE;PERSISTENCE;BROAD_APPLICATION_BLAST_RADIUS	IMMUTABLE_GENERATION_AND_PASSIVE_RUNTIME_EVIDENCE;CURRENT_SELECTOR_ABSENT	ACCEPTED_TARGET;BOUNDED_RUNTIME_VALIDATION;ROLLBACK_TEST;OBSERVABILITY_CONTRACT	RUN_SEPARATE_ACTIVATION_REVIEW_ONLY_AFTER_TARGET_POPULATION_AND_RUNTIME_VALIDATION	ACTIVATION_BY_DOCUMENT_CLASSIFICATION_OR_SUCCESSFUL_BUILD_ONLY	VERIFIED_TARGET_POPULATED_AND_BOUNDED_RUNTIME_TEST_READY	CLASSIFIED_OPEN_BLOCKED	NO_ACTIVATION_OR_ACCEPTANCE_EFFECT	MATERIALIZATION_OR_LAUNCH_SUCCESS_DOES_NOT_AUTOMATICALLY_AUTHORIZE_PERSISTENT_ACTIVATION
